TP_DataRatio,TP_HtmlRatio,TP_RequestRatio,Website,avgLinkLength,avgSrcLength,class,differentFinalDomain,domainStringSent,externalLinkRatio,externalSrcRatio,frameCounter,initialResponseRatio,initialResponseSize,internalSubDir,link2TextRatio,mainFrameRedirects,maxLinkLength,metaRefreshes,nonLinkCharacters,otherFrameRedirects,text2HtmlRatio,typoDomain,windowLocation
0.0,0.0,0.0,cinemanews.com,0.0,0.0,parked,0,0,0.0,0.0,1.0,1.0,6956,0.0,0.0,1,0.0,1.0,0.0,0,0.0,0,0.0
1.0,1.0,1.0,sccnews.com,0.0,0.0,parked,1,4,0.0,0.0,6.0,0.0371443141254,7284,1,0.0,2,94.0,0.0,0.0,5,0.0,0,0.0
0.661423057316,0.585007051934,0.666666666667,placenews.com,87.25,39.0,parked,0,0,0.75,1.0,1.0,0.338576942684,23245,0.0,0.15625,1,349.0,0.0,405.0,0,0.0208396648287,0,0.0
0.555277102902,0.413413741768,0.666666666667,newscamp.com,86.75,39.0,parked,0,0,0.75,1.0,1.0,0.444722897098,23247,0.0,0.150197628458,1,347.0,0.0,430.0,0,0.0219665726069,0,0.0
0.555776816145,0.413904607922,0.666666666667,newsnavi.com,86.75,39.0,parked,0,0,0.75,1.0,1.0,0.444223183855,23200,0.0,0.155462184874,1,347.0,0.0,402.0,0,0.020706455542,0,0.0
0.15436694314,0.15436694314,0.333333333333,cijnews.com,0.0,283.0,parked,0,0,0.0,1.0,1.0,0.84440891376,33800,0.0,0.0,1,0.0,1.0,0.0,0,0.0,0,1.0
0.816027908329,0.741468082198,0.6,addnews.com,33.5,177.5,parked,0,8,0.5,1.0,5.0,0.0125652082627,1556,1,0.198863636364,1,4620.0,1.0,141.0,3,0.00854783875668,0,1.0
0.0,0.0,0.0,aftnews.com,0.0,0.0,parked,0,0,0.0,0.0,1.0,1.0,5262,0.0,0.0,1,0.0,1.0,0.0,0,0.0,0,0.0
1.0,1.0,1.0,yepnews.com,0.0,72.0,parked,1,4,0.0,0.0,6.0,0.0339983010185,7284,1,0.0,2,94.0,0.0,0.0,5,0.0,0,0.0
0.796917254982,0.701725068095,0.6,newsidea.com,0.0,73.0,parked,0,8,0.0,0.0,5.0,0.0138875253251,1556,1,0.0,1,4674.0,1.0,0.0,3,0.0,0,1.0
0.297434829187,0.267620052116,0.666666666667,datnews.com,86.25,39.0,parked,0,0,0.75,1.0,1.0,0.702565170813,23609,0.0,0.154334038055,1,345.0,0.0,400.0,0,0.0202162670428,0,0.0
0.0,0.0,0.0,news855.com,0.0,0.0,parked,0,0,0.0,0.0,1.0,1.0,909,0.0,0.0,1,0.0,0.0,0.0,0,0.0,0,0.0
0.0132030546631,0.0154854686378,0.142857142857,cgcnews.com,19.7729257642,28.6,parked,0,0,0.0,0.2,1.0,0.229942919296,100629,1,0.387677208288,1,4528.0,0.0,1123.0,0,0.0234152569422,0,1.0
0.991293396497,0.991265403671,0.8,avonnews.com,0.0,60.6666666667,parked,0,1,0.0,1.0,1.0,0.00870660350312,2551,0.0,0.0,1,0.0,0.0,0.0,0,0.0,0,0.0
1.0,1.0,1.0,pdinews.com,0.0,0.0,parked,1,4,0.0,0.0,6.0,0.0331093919036,7284,1,0.0,2,94.0,0.0,0.0,5,0.0,0,0.0
0.119136547116,0.110630415157,0.545454545455,nexnews.com,0.0,64.3333333333,parked,0,2,0.0,0.666666666667,1.0,0.0155778777896,1343,1,0.0,1,0.0,0.0,82.0,0,0.0351328191945,0,0.0
1.0,1.0,1.0,newsgov.com,0.0,0.0,parked,1,4,0.0,0.0,6.0,0.0303152637603,7284,1,0.0,2,94.0,0.0,0.0,5,0.0,0,0.0
1.0,1.0,1.0,fragnews.com,44.393442623,60.8148148148,parked,1,4,0.852459016393,1.0,3.0,0.102896532834,36064,1,0.144571838051,2,2708.0,0.0,4775.0,3,0.129027784199,0,1.0
0.992237120677,1.0,0.666666666667,nepalinews.com,0.0,0.0,parked,1,1,0.0,0.0,1.0,0.00776287932251,11,0.0,0.0,5,0.0,0.0,17.0,0,0.0271132376396,0,1.0
0.0,0.0,0.0,newslgbt.com,0.0,0.0,parked,0,0,0.0,0.0,3.0,0.0687021885186,10328,1,0.0,1,265.0,0.0,4.0,1,0.000131035838302,0,1.0
0.868567213399,0.864596886356,0.571428571429,ajcnews.com,0.0,60.6666666667,parked,0,1,0.0,1.0,1.0,0.0202638201857,467,0.0,0.0,3,0.0,0.0,0.0,0,0.0,0,0.0
0.999686254824,0.999679493717,0.967741935484,newspush.com,4.0,62.3043478261,parked,1,1,0.0,0.434782608696,2.0,0.000313745176168,110,1,0.0868263473054,2,8.0,0.0,305.0,0,0.00322605571224,0,1.0
0.999797755825,0.999797736859,0.965517241379,intlnews.com,0.0,63.0,parked,1,1,0.0,1.0,2.0,0.000202244174908,110,1,0.0,2,8.0,0.0,0.0,0,0.0,0,0.0
0.999760862807,0.999756954955,0.965517241379,newsinf.com,0.0,63.0,parked,1,1,0.0,1.0,2.0,0.000239137193008,110,1,0.0,2,8.0,0.0,0.0,0,0.0,0,0.0
1.0,1.0,1.0,newsservice.com,0.0,72.0,parked,1,1,0.0,0.0,2.0,0.0764901496697,30960,1,0.0,2,517.0,0.0,0.0,1,0.0,0,1.0
0.989528903699,0.983027069843,0.9375,news016.com,0.0,59.0,parked,0,1,0.0,1.0,2.0,0.00542247944492,1842,1,0.0,2,3520.0,0.0,7.0,0,0.0061295971979,0,0.0
0.849501065617,0.818918230449,0.916666666667,modenews.com,576.714285714,85.1428571429,parked,0,2,0.142857142857,0.857142857143,2.0,0.150498934383,10663,1,0.340425531915,1,4037.0,0.0,31.0,0,0.00232661749418,0,0.0
0.999743405522,0.999738900915,0.967741935484,gongnews.com,4.0,62.3043478261,parked,1,1,0.0,0.434782608696,2.0,0.000256594478087,110,1,0.0868263473054,2,8.0,0.0,305.0,0,0.0032248720672,0,1.0
0.696924009512,0.622806847858,0.666666666667,mamanews.com,86.75,39.0,parked,0,0,0.75,1.0,1.0,0.303075990488,19499,0.0,0.155462184874,1,347.0,0.0,402.0,0,0.0206767733808,0,0.0
0.887023914969,0.883158521504,0.8,droidnews.com,0.0,60.6666666667,parked,0,1,0.0,1.0,1.0,0.112976085031,2551,0.0,0.0,1,0.0,0.0,0.0,0,0.0,0,0.0
1.0,1.0,1.0,mmsnews.com,47.0,84.0,parked,1,4,1.0,1.0,6.0,0.0244783562804,7284,1,0.146341463415,2,94.0,0.0,70.0,5,0.00195900425247,0,0.0
0.0,0.0,0.0,teenews.com,0.0,0.0,parked,0,0,0.0,0.0,1.0,1.0,3894,0.0,0.0,1,0.0,1.0,0.0,0,0.0,0,0.0
1.0,1.0,1.0,tcbnews.com,9.5,69.8,parked,1,4,0.0,1.0,6.0,0.0426303961045,7284,1,0.144927536232,2,94.0,0.0,236.0,5,0.02793805041,0,0.0
1.0,1.0,1.0,tbwnews.com,0.0,0.0,parked,1,4,0.0,0.0,6.0,0.0331509816951,7284,1,0.0,2,94.0,0.0,0.0,5,0.0,0,0.0
0.957977696544,0.951343996836,0.904761904762,lsgnews.com,56.5,55.6666666667,parked,0,1,0.833333333333,1.0,1.0,0.0308358441363,10654,0.0,0.0616500453309,1,339.0,0.0,1035.0,0,0.101950272668,0,0.0
0.887183796214,0.882306805075,0.8,newsbold.com,0.0,60.6666666667,parked,0,1,0.0,1.0,1.0,0.112816203786,2551,0.0,0.0,1,0.0,0.0,0.0,0,0.0,0,0.0
0.0,0.0,0.0,duranews.com,0.0,0.0,parked,0,0,0.0,0.0,1.0,1.0,3894,0.0,0.0,1,0.0,1.0,0.0,0,0.0,0,0.0
0.58257472646,0.344992094971,0.666666666667,csinews.com,86.25,39.0,parked,0,0,0.75,1.0,1.0,0.41742527354,23615,0.0,0.154334038055,1,345.0,0.0,400.0,0,0.0202110840491,0,0.0
0.751783851795,0.686082787211,0.666666666667,tonnews.com,86.25,39.0,parked,0,0,0.75,1.0,1.0,0.248216148205,14993,0.0,0.149105367793,1,345.0,0.0,428.0,0,0.0218524632896,0,0.0
0.799340228245,0.740941111469,0.666666666667,handnews.com,86.75,39.0,parked,0,0,0.75,1.0,1.0,0.200659771755,11253,0.0,0.155136268344,1,347.0,0.0,403.0,0,0.0207139134966,0,0.0
1.0,1.0,1.0,jennews.com,47.0,84.0,parked,1,4,1.0,1.0,6.0,0.0232197846336,7284,1,0.146341463415,2,94.0,0.0,70.0,5,0.00202060026613,0,0.0
0.888,0.884381798405,0.666666666667,newsbam.com,0.0,60.6666666667,parked,0,1,0.0,1.0,1.0,0.00048087431694,11,0.0,0.0,2,0.0,0.0,0.0,0,0.0,0,0.0
0.810097428117,0.756931283779,0.909090909091,foxynews.com,601.285714286,85.1428571429,parked,0,2,0.142857142857,0.857142857143,2.0,0.189902571883,10389,1,0.25,1,4209.0,0.0,48.0,0,0.00305299813958,0,0.0
0.999809310171,0.999809310171,0.964285714286,newsporn.com,0.0,63.0,parked,1,1,0.0,1.0,2.0,0.000190689829125,110,1,0.0,2,8.0,0.0,0.0,0,0.0,0,0.0
1.0,1.0,1.0,owcnews.com,9.5,69.8,parked,1,4,0.0,1.0,6.0,0.0183562534494,7284,1,0.144927536232,2,94.0,0.0,236.0,5,0.02793805041,0,0.0
0.954101859854,0.931078278781,0.909090909091,chpnews.com,56.5,55.6666666667,parked,0,1,0.833333333333,1.0,1.0,0.032768128735,10654,0.0,0.0616500453309,1,339.0,0.0,1035.0,0,0.101950272668,0,0.0
0.99974974975,0.999749720711,0.965517241379,tipsnews.com,4.0,61.9090909091,parked,1,1,0.0,0.409090909091,2.0,0.00025025025025,110,1,0.0868263473054,2,8.0,0.0,305.0,0,0.00325618577807,0,0.0
1.0,1.0,1.0,newsuks.com,0.0,0.0,parked,1,4,0.0,0.0,6.0,0.0285344878249,7283,1,0.0,2,94.0,0.0,0.0,5,0.0,0,0.0
0.0,0.0,0.0,deltanews.com,0.0,0.0,parked,0,0,0.0,0.0,1.0,1.0,3894,0.0,0.0,1,0.0,1.0,0.0,0,0.0,0,0.0
1.0,1.0,1.0,zealnews.com,0.0,84.0,parked,1,4,0.0,1.0,6.0,0.0361925101818,7287,1,0.0,2,94.0,0.0,9.0,5,0.00591715976331,0,0.0
0.838998728177,0.746287692448,0.666666666667,newshouse.com,87.25,39.0,parked,0,0,0.75,1.0,1.0,0.161001271823,5570,0.0,0.151277013752,1,349.0,0.0,432.0,0,0.0220518152673,0,0.0
0.941823270692,0.930182341651,0.727272727273,thinnews.com,1.0,39.0,parked,0,4,0.0,1.0,2.0,0.0395441823271,2967,0.0,0.181818181818,1,1.0,0.0,63.0,0,0.00360470015449,0,1.0
0.0,0.0,0.0,beadnews.com,0.0,14.0,parked,0,0,0.0,0.0,3.0,0.0483442944502,419,0.0,0.0,1,648.0,0.0,38.0,1,0.0833333333333,0,0.0
0.0,0.0,0.0,newsmake.com,0.0,0.0,parked,0,0,0.0,0.0,1.0,1.0,3894,0.0,0.0,1,0.0,1.0,0.0,0,0.0,0,0.0
0.0,0.0,0.0,setnews.com,0.0,0.0,parked,0,0,0.0,0.0,1.0,1.0,3894,0.0,0.0,1,0.0,1.0,0.0,0,0.0,0,0.0
1.0,1.0,1.0,bsrnews.com,0.0,0.0,parked,1,4,0.0,0.0,6.0,0.0370425522082,7214,1,0.0,2,94.0,0.0,0.0,5,0.0,0,0.0
0.154266739901,0.154266739901,0.333333333333,checknews.com,0.0,290.0,parked,0,0,0.0,1.0,1.0,0.844509911619,33826,0.0,0.0,1,0.0,1.0,0.0,0,0.0,0,1.0
0.659400144154,0.581594116478,0.666666666667,inxnews.com,86.25,39.0,parked,0,0,0.75,1.0,1.0,0.340599855846,23155,0.0,0.150905432596,1,345.0,0.0,422.0,0,0.0216623806826,0,0.0
1.0,1.0,1.0,newsbest.com,0.0,72.0,parked,1,4,0.0,0.0,6.0,0.0363070177624,7287,1,0.0,2,94.0,0.0,0.0,5,0.0,0,0.0
0.948106106839,0.947099931568,0.8,slcnews.com,0.0,60.6666666667,parked,0,1,0.0,1.0,1.0,0.0518938931608,2551,0.0,0.0,1,0.0,0.0,0.0,0,0.0,0,0.0
0.999750729117,0.999750700306,0.967741935484,newshat.com,0.0,63.0,parked,1,1,0.0,1.0,2.0,0.000249270882668,110,1,0.0,2,8.0,0.0,0.0,0,0.0,0,1.0
0.937193370827,0.877633687892,0.923076923077,18xnews.com,52.0,69.25,parked,0,1,1.0,1.0,1.0,0.0628066291731,4199,0.0,0.0972972972973,1,312.0,0.0,167.0,0,0.0486458059427,0,0.0
0.999789339022,0.999786312334,0.967741935484,smallnews.com,4.0,62.3043478261,parked,1,1,0.0,0.434782608696,2.0,0.000210660977544,110,1,0.0863095238095,2,8.0,0.0,307.0,0,0.00324371289279,0,1.0
0.0,0.0,0.0,nexusnews.com,0.0,0.0,parked,0,0,0.0,0.0,1.0,1.0,3894,0.0,0.0,1,0.0,1.0,0.0,0,0.0,0,0.0
1.0,1.0,1.0,newsbroad.com,31.0769230769,64.2195121951,parked,1,1,0.846153846154,0.975609756098,1.0,0.0331333927972,12147,1,0.0744027303754,2,808.0,0.0,2712.0,0,0.0363970633905,0,1.0
0.913399192043,0.911065402315,0.8,toonews.com,0.0,60.6666666667,parked,0,1,0.0,1.0,1.0,0.0866008079574,2551,0.0,0.0,1,0.0,0.0,0.0,0,0.0,0,0.0
0.85865734305,0.83011257194,0.916666666667,csbnews.com,65.5,180.0,parked,0,2,0.5,1.0,2.0,0.14134265695,10066,1,0.336956521739,1,4112.0,0.0,61.0,0,0.00530595766769,0,0.0
0.996649338738,0.994813578993,0.970588235294,stagenews.com,42.0,68.0,parked,1,0,0.0,1.0,5.0,0.00335066126187,1001,1,0.149253731343,3,436.0,0.0,57.0,7,0.00988054859165,0,1.0
0.0,0.0,0.0,evernews.com,0.0,0.0,parked,0,0,0.0,0.0,1.0,1.0,6938,0.0,0.0,1,0.0,1.0,0.0,0,0.0,0,0.0
0.949642294038,0.886112795634,0.823529411765,newsten.com,0.0,0.0,parked,0,0,0.0,0.0,3.0,0.0429354413137,4003,0.0,0.0,1,11265.0,0.0,0.0,1,0.0,0,1.0
0.0,0.0,0.0,hawknews.com,0.0,0.0,parked,0,0,0.0,0.0,1.0,1.0,3894,0.0,0.0,1,0.0,1.0,0.0,0,0.0,0,0.0
0.552441090405,0.413403310456,0.666666666667,housenews.com,87.25,39.0,parked,0,0,0.75,1.0,1.0,0.447558909595,23248,0.0,0.15625,1,349.0,0.0,405.0,0,0.0208369508595,0,0.0
0.831666130589,0.791552156769,0.916666666667,dartnews.com,32.0,169.4,parked,0,2,0.5,1.0,2.0,0.168333869411,10467,1,0.4,1,4005.0,0.0,63.0,0,0.00626379526338,0,0.0
0.693754630847,0.561153543172,0.666666666667,infos.us,84.75,39.0,parked,0,0,0.75,1.0,1.0,0.306245369153,12813,0.0,0.151843817787,1,339.0,0.0,391.0,0,0.0201433190597,0,0.0
0.0,0.0,0.0,newsdoc.com,0.0,0.0,parked,0,0,0.0,0.0,1.0,1.0,3894,0.0,0.0,1,0.0,1.0,0.0,0,0.0,0,0.0
0.991384492762,0.991357200695,0.8,phlnews.com,0.0,60.6666666667,parked,0,1,0.0,1.0,1.0,0.00861550723757,2551,0.0,0.0,1,0.0,0.0,0.0,0,0.0,0,0.0
0.34280071893,0.246965833758,0.5,draftnews.com,0.0,65.0,parked,0,2,0.0,0.666666666667,1.0,0.0299775889232,1351,1,0.0,1,0.0,0.0,84.0,0,0.0357751277683,0,0.0
0.0871408667243,0.0779722360543,0.5,abenews.com,0.0,64.3333333333,parked,0,2,0.0,0.666666666667,1.0,0.0161309695397,1343,1,0.0,1,0.0,0.0,82.0,0,0.0351328191945,0,0.0
1.0,1.0,1.0,vivonews.com,46.5,56.0,parked,1,4,0.75,0.333333333333,3.0,0.111499777316,36051,1,0.129411764706,2,2793.0,0.0,370.0,4,0.00406823142015,0,1.0
0.859516260056,0.753460565647,0.666666666667,newstell.com,54.3333333333,39.0,parked,0,0,0.666666666667,1.0,1.0,0.140483739944,5361,0.0,0.113402061856,1,163.0,0.0,344.0,0,0.0176845943482,0,0.0
0.0,0.0,0.0,cafenews.com,32.6666666667,31.0909090909,parked,0,0,1.0,0.0,1.0,0.00122852310158,138,1,0.0851985559567,2,686.0,0.0,2534.0,0,0.133128274139,0,0.0
0.887300400299,0.883500022834,0.666666666667,pdanews.com,0.0,60.6666666667,parked,0,1,0.0,1.0,1.0,0.000483878062728,11,0.0,0.0,2,0.0,0.0,0.0,0,0.0,0,0.0
0.0359436962333,0.0256669957307,0.454545454545,tgdnews.com,0.0,65.6666666667,parked,0,2,0.0,0.666666666667,1.0,0.0001393657591,11,1,0.0,2,0.0,0.0,82.0,0,0.0338004946414,0,0.0
0.0,0.0,0.0,everynews.com,0.0,0.0,parked,0,0,0.0,0.0,1.0,1.0,6951,0.0,0.0,1,0.0,1.0,0.0,0,0.0,0,0.0
0.840292825769,0.750251854565,0.666666666667,overnews.com,86.75,39.0,parked,0,0,0.75,1.0,1.0,0.159707174231,5454,0.0,0.151696606786,1,347.0,0.0,425.0,0,0.0217788210746,0,0.0
0.657443227121,0.581333237088,0.666666666667,manynews.com,86.75,39.0,parked,0,0,0.75,1.0,1.0,0.342556772879,23200,0.0,0.155462184874,1,347.0,0.0,402.0,0,0.020706455542,0,0.0
1.0,1.0,1.0,aagnews.com,9.5,69.8,parked,1,4,0.0,1.0,6.0,0.00316282687742,862,1,0.144927536232,2,94.0,0.0,236.0,5,0.02793805041,0,0.0
0.969610889185,0.969610889185,0.5,marenews.com,86.75,39.0,parked,0,0,0.75,1.0,1.0,0.0303891108152,1027,0.0,0.152263374486,1,347.0,0.0,412.0,0,0.0144355006386,0,0.0
0.552952057962,0.413904607922,0.666666666667,twitnews.com,86.75,39.0,parked,0,0,0.75,1.0,1.0,0.447047942038,23200,0.0,0.155462184874,1,347.0,0.0,402.0,0,0.020706455542,0,0.0
0.995664220843,0.991320870994,0.875,dashnews.com,0.0,33.25,parked,1,2,0.0,0.0,1.0,0.00433577915747,169,1,0.0,2,0.0,0.0,424.0,0,0.0799245994345,0,0.0
0.0828256454888,0.0735592557275,0.454545454545,ealnews.com,0.0,65.6666666667,parked,0,2,0.0,0.666666666667,1.0,0.000132965864036,11,1,0.0,2,0.0,0.0,82.0,0,0.0338004946414,0,0.0
0.0,0.0,0.0,domenews.com,0.0,0.0,parked,0,0,0.0,0.0,1.0,1.0,6938,0.0,0.0,1,0.0,1.0,0.0,0,0.0,0,0.0
0.889197758763,0.884507424846,0.8,eugnews.com,0.0,60.6666666667,parked,0,1,0.0,1.0,1.0,0.110802241237,2551,0.0,0.0,1,0.0,0.0,0.0,0,0.0,0,0.0
0.99043486458,0.984103204328,0.9375,news036.com,30.0854700855,51.5909090909,parked,0,1,0.0683760683761,0.465909090909,2.0,0.00451302354903,1532,1,0.207547169811,2,3520.0,0.0,3150.0,0,0.134846326074,0,0.0
0.650054614965,0.650054614965,0.333333333333,newsiot.com,0.0,35.0,parked,0,0,0.0,1.0,1.0,0.000136537411251,2,0.0,0.0,2,0.0,0.0,153.0,0,0.032196969697,0,0.0
0.999801912802,0.999799238933,0.965517241379,balticnews.com,0.0,63.0,parked,1,1,0.0,1.0,2.0,0.000198087197985,110,1,0.0,2,8.0,0.0,0.0,0,0.0,0,0.0
0.800130645425,0.747411913233,0.785714285714,241news.com,612.714285714,85.1428571429,parked,0,2,0.142857142857,0.857142857143,2.0,0.00847380740687,467,1,0.296296296296,3,4289.0,0.0,38.0,0,0.00260869565217,0,0.0
0.953888671072,0.921917253664,0.909090909091,ktxnews.com,47.125,46.8,parked,0,0,1.0,1.0,1.0,0.0461113289281,4822,0.0,0.0498614958449,1,377.0,0.0,686.0,0,0.164464692483,0,0.0
0.900402139539,0.897087300307,0.8,hfcnews.com,0.0,60.6666666667,parked,0,1,0.0,1.0,1.0,0.0995978604615,2551,0.0,0.0,1,0.0,0.0,0.0,0,0.0,0,0.0
0.734394865896,0.734394865896,0.5,compnews.com,86.75,39.0,parked,0,0,0.75,1.0,1.0,0.265605134104,8774,0.0,0.147572815534,1,347.0,0.0,439.0,0,0.015268307145,0,0.0
0.854314641965,0.82469286843,0.916666666667,kongnews.com,44.5,176.2,parked,0,2,0.5,1.0,2.0,0.145685358035,10317,1,0.329787234043,1,4172.0,0.0,63.0,0,0.00548905109489,0,0.0
0.881400841838,0.855159023669,0.909090909091,ktvnews.com,588.0,85.1428571429,parked,0,2,0.142857142857,0.857142857143,2.0,0.118599158162,7833,1,0.253968253968,1,4116.0,0.0,47.0,0,0.00306315943016,0,0.0
0.55519213481,0.413330306012,0.666666666667,newsboro.com,86.75,39.0,parked,0,0,0.75,1.0,1.0,0.44480786519,23255,0.0,0.150495049505,1,347.0,0.0,429.0,0,0.0219155491906,0,0.0
0.658933874335,0.581076200795,0.666666666667,ricenews.com,86.75,39.0,parked,0,0,0.75,1.0,1.0,0.341066125665,23200,0.0,0.155462184874,1,347.0,0.0,402.0,0,0.020706455542,0,0.0
0.749696495984,0.685250632594,0.666666666667,newsbar.com,86.25,39.0,parked,0,0,0.75,1.0,1.0,0.250303504016,15051,0.0,0.154334038055,1,345.0,0.0,400.0,0,0.0205813245148,0,0.0
0.344184514003,0.0,0.333333333333,newsbbs.com,0.0,0.0,parked,0,0,0.0,0.0,1.0,0.333113673806,5055,0.0,0.39751552795,1,0.0,0.0,485.0,0,0.0773517824541,0,0.0
0.844090177134,0.834183935605,0.714285714286,talenews.com,29.3333333333,51.0,parked,0,0,0.166666666667,1.0,1.0,0.00573268921095,178,0.0,0.217889908257,2,176.0,0.0,341.0,0,0.0935622317597,0,0.0
0.943315387267,0.917451279034,0.909090909091,difnews.com,56.5,55.6666666667,parked,0,1,0.833333333333,1.0,1.0,0.0313164806694,5270,0.0,0.0616500453309,1,339.0,0.0,1035.0,0,0.101950272668,0,0.0
1.0,1.0,1.0,dopenews.com,0.0,72.0,parked,1,4,0.0,0.0,3.0,0.0249184150516,8720,1,0.0,2,2734.0,0.0,0.0,4,0.0,0,1.0
0.991386878072,0.991365158023,0.8,grassnews.com,0.0,60.6666666667,parked,0,1,0.0,1.0,1.0,0.0086131219275,2551,0.0,0.0,1,0.0,0.0,0.0,0,0.0,0,0.0
0.0794829612221,0.0797980274645,0.375,bisnews.com,0.0,64.3333333333,parked,0,2,0.0,0.666666666667,1.0,0.0631257344301,1343,1,0.0,1,0.0,0.0,82.0,0,0.0351328191945,0,0.0
0.0,0.0,0.0,ununews.com,0.0,0.0,parked,0,0,0.0,0.0,1.0,1.0,909,0.0,0.0,1,0.0,0.0,0.0,0,0.0,0,0.0
0.999748660475,0.999748631183,0.967741935484,24hnews.com,0.0,63.0,parked,1,1,0.0,1.0,2.0,0.000251339525425,110,1,0.0,2,8.0,0.0,0.0,0,0.0,0,1.0
1.0,1.0,1.0,sodanews.com,44.0322580645,60.8148148148,parked,1,4,0.854838709677,1.0,3.0,0.0986934139108,28220,1,0.141599281222,2,2730.0,0.0,4777.0,4,0.128628883136,0,1.0
0.999573587134,0.999573540763,0.965517241379,rlsnews.com,0.0,63.0,parked,1,0,0.0,1.0,2.0,0.000426412865729,200,1,0.0,2,8.0,0.0,0.0,0,0.0,0,0.0
0.486836631604,0.486836631604,0.5,mininews.com,86.75,39.0,parked,0,0,0.75,1.0,1.0,0.513163368396,17270,0.0,0.150495049505,1,347.0,0.0,429.0,0,0.0149949521943,0,0.0
0.0,0.0,0.0,decanews.com,17.0,0.0,parked,0,0,1.0,0.0,1.0,1.0,612,0.0,0.0622837370242,1,34.0,0.0,271.0,0,0.474548440066,0,0.0
0.0,0.0,0.0,wearnews.com,27.0,38.0,parked,0,0,0.0,0.0,1.0,0.0650127424975,1250,1,0.142857142857,1,27.0,0.0,120.0,0,0.111287758347,0,0.0
1.0,1.0,1.0,pangnews.com,47.0,84.0,parked,1,4,1.0,1.0,6.0,0.0209053535722,7287,1,0.146341463415,2,94.0,0.0,70.0,5,0.00202139722921,0,0.0
0.187259037753,0.180109150524,0.545454545455,epicnews.com,0.0,67.0,parked,0,2,0.0,0.666666666667,1.0,0.0143856463929,1347,1,0.0,1,0.0,0.0,83.0,0,0.0353492333901,0,0.0
0.963071844478,0.954897830272,0.909090909091,gngnews.com,56.5,55.6666666667,parked,0,1,0.833333333333,1.0,1.0,0.0263641740224,10654,0.0,0.0616500453309,1,339.0,0.0,1035.0,0,0.101950272668,0,0.0
0.751377532883,0.432670857838,0.666666666667,isonews.com,86.25,39.0,parked,0,0,0.75,1.0,1.0,0.248622467117,5595,0.0,0.154661016949,1,345.0,0.0,399.0,0,0.0205128205128,0,0.0
1.0,1.0,1.0,jstnews.com,9.5,69.8,parked,1,4,0.0,1.0,6.0,0.0190309972201,7284,1,0.144927536232,2,94.0,0.0,236.0,5,0.02793805041,0,0.0
0.55277098222,0.413726926088,0.666666666667,newsspin.com,86.75,39.0,parked,0,0,0.75,1.0,1.0,0.44722901778,23217,0.0,0.155462184874,1,347.0,0.0,402.0,0,0.0206911540969,0,0.0
0.888192496494,0.884428940334,0.8,cartnews.com,0.0,60.6666666667,parked,0,1,0.0,1.0,1.0,0.111807503506,2551,0.0,0.0,1,0.0,0.0,0.0,0,0.0,0,0.0
0.871695348748,0.848377151015,0.916666666667,newsroma.com,44.5,176.2,parked,0,2,0.5,1.0,2.0,0.128304651252,9983,1,0.329787234043,1,4086.0,0.0,63.0,0,0.00552908652432,0,0.0
0.888656104055,0.883908255211,0.8,newsbolt.com,0.0,60.6666666667,parked,0,1,0.0,1.0,1.0,0.111343895945,2551,0.0,0.0,1,0.0,0.0,0.0,0,0.0,0,0.0
0.435540549852,0.0,0.5,jdsnews.com,232.631578947,0.0,parked,0,0,0.0394736842105,0.0,1.0,0.564459450148,16384,1,0.643687064291,1,17680.0,0.0,460.0,0,0.0262100048725,0,0.0
0.887665683209,0.883457444378,0.8,peaknews.com,0.0,60.6666666667,parked,0,1,0.0,1.0,1.0,0.112334316791,2551,0.0,0.0,1,0.0,0.0,0.0,0,0.0,0,0.0
0.0,0.0,0.0,snapnews.com,0.0,86.0,parked,0,0,0.0,1.0,1.0,1.0,432,0.0,0.0,1,0.0,0.0,89.0,0,0.206976744186,0,0.0
0.0,0.0,0.0,daysnews.com,0.0,0.0,parked,0,0,0.0,0.0,1.0,1.0,6942,0.0,0.0,1,0.0,1.0,0.0,0,0.0,0,0.0
0.963242749949,0.717128365197,0.833333333333,wifenews.com,22.0,0.0,parked,0,1,0.0,0.0,3.0,0.0367572500507,725,1,0.117647058824,1,22.0,0.0,165.0,1,0.633898305085,0,0.0
1.0,1.0,1.0,eeenews.com,0.0,0.0,parked,1,4,0.0,0.0,6.0,0.0389552733769,7283,1,0.0,2,94.0,0.0,0.0,5,0.0,0,0.0
1.0,1.0,1.0,novonews.com,0.0,72.0,parked,1,4,0.0,0.0,3.0,0.0681134276817,24695,1,0.0,2,2733.0,0.0,0.0,4,0.0,0,1.0
0.967190343903,0.965664160401,0.8,gopnews.com,0.0,60.6666666667,parked,0,1,0.0,1.0,1.0,0.0328096560973,685,0.0,0.0,1,0.0,0.0,0.0,0,0.0,0,0.0
0.921037539103,0.919513561085,0.571428571429,faxnews.com,0.0,60.6666666667,parked,0,1,0.0,1.0,1.0,0.0121741397289,467,0.0,0.0,3,0.0,0.0,0.0,0,0.0,0,0.0
0.41772143047,0.244195334483,0.625,vibenews.com,0.0,38.2,parked,0,1,0.0,0.4,1.0,0.0229437350527,3281,1,0.0,1,0.0,0.0,0.0,0,0.0,0,1.0
1.0,1.0,1.0,newssnap.com,0.0,72.0,parked,1,4,0.0,0.0,6.0,0.0303143759282,7287,1,0.0,2,94.0,0.0,0.0,5,0.0,0,0.0
0.884664074509,0.884029640406,0.8,newsdune.com,0.0,60.6666666667,parked,0,1,0.0,1.0,1.0,0.115335925491,2551,0.0,0.0,1,0.0,0.0,0.0,0,0.0,0,0.0
0.0,0.0,0.0,newsmark.com,0.0,0.0,parked,0,0,0.0,0.0,2.0,1.0,264,0.0,0.0,1,0.0,0.0,0.0,1,0.0,0,0.0
0.0,0.0,0.0,newswolf.com,0.0,0.0,parked,0,0,0.0,0.0,1.0,1.0,6938,0.0,0.0,1,0.0,1.0,0.0,0,0.0,0,0.0
0.237021336441,0.230763771305,0.583333333333,betsnews.com,0.0,64.6666666667,parked,0,2,0.0,0.666666666667,1.0,0.013531160847,1347,1,0.0,1,0.0,0.0,83.0,0,0.035454933789,0,0.0
0.950568678915,0.951077177455,0.5,ntonews.com,0.0,0.0,parked,1,1,0.0,0.0,1.0,0.0226985515699,467,0.0,0.0,6,0.0,0.0,41.0,0,0.00245597220558,0,1.0
0.860368682514,0.833025120694,0.909090909091,jbsnews.com,42.0,208.25,parked,0,2,0.5,1.0,2.0,0.139631317486,10203,1,0.336956521739,1,4038.0,0.0,61.0,0,0.00544701006513,0,0.0
0.887038923084,0.882718035952,0.8,punjabnews.com,0.0,60.6666666667,parked,0,1,0.0,1.0,1.0,0.112961076916,2551,0.0,0.0,1,0.0,0.0,0.0,0,0.0,0,0.0
0.0,0.0,0.0,midnews.com,0.0,0.0,parked,0,0,0.0,0.0,1.0,1.0,6933,0.0,0.0,1,0.0,1.0,0.0,0,0.0,0,0.0
0.100529535394,0.100641794203,0.3,btenews.com,0.0,65.6666666667,parked,0,2,0.0,0.666666666667,1.0,0.00548321572403,467,1,0.0,3,0.0,0.0,82.0,0,0.0331447049313,0,0.0
1.0,1.0,1.0,taconews.com,44.1290322581,60.8148148148,parked,1,4,0.854838709677,1.0,3.0,0.0954012928262,36188,1,0.142061781609,2,2736.0,0.0,4777.0,4,0.128730955078,0,1.0
0.882901078724,0.88224704579,0.8,dabnews.com,0.0,60.6666666667,parked,0,1,0.0,1.0,1.0,0.117098921276,2551,0.0,0.0,1,0.0,0.0,0.0,0,0.0,0,0.0
0.343948507505,0.343948507505,0.5,vinanews.com,86.75,39.0,parked,0,0,0.75,1.0,1.0,0.656051492495,23341,0.0,0.155462184874,1,347.0,0.0,402.0,0,0.0141510836281,0,0.0
0.0,0.0,0.0,newsgear.com,0.0,0.0,parked,0,0,0.0,0.0,1.0,1.0,3894,0.0,0.0,1,0.0,1.0,0.0,0,0.0,0,0.0
0.611449411135,0.510660711276,0.666666666667,newsbd9.com,86.25,39.0,parked,0,0,0.75,1.0,1.0,0.388550588865,23226,0.0,0.154661016949,2,345.0,0.0,399.0,0,0.0205092552359,0,0.0
0.0774408022017,0.0774408022017,0.333333333333,newsbid.com,0.0,283.0,parked,0,0,0.0,1.0,1.0,0.921224011553,33808,0.0,0.0,1,0.0,1.0,0.0,0,0.0,0,1.0
0.659836065574,0.585059277246,0.666666666667,ccjnews.com,86.25,39.0,parked,0,0,0.75,1.0,1.0,0.340163934426,23240,0.0,0.149105367793,1,345.0,0.0,428.0,0,0.0218429737711,0,0.0
0.775645116424,0.721020611634,0.733333333333,mscnews.com,65.5,199.8,parked,0,2,0.5,1.0,2.0,0.0313026688266,1913,1,0.336956521739,2,4330.0,0.0,61.0,0,0.00519128766505,0,0.0
0.982986573742,0.982986573742,0.8,xftnews.com,0.0,64.0,parked,1,1,0.0,1.0,2.0,0.0170134262581,166,1,0.0,2,0.0,0.0,19.0,1,0.00623768877216,0,0.0
0.999693219025,0.999693175384,0.965517241379,cmbnews.com,4.0,61.9090909091,parked,1,1,0.0,0.409090909091,2.0,0.000306780975117,110,1,0.0873493975904,2,8.0,0.0,303.0,0,0.00323823457693,0,0.0
0.0773922988944,0.0773922988944,0.333333333333,crisisnews.com,0.0,290.5,parked,0,0,0.0,1.0,1.0,0.921273351125,33831,0.0,0.0,1,0.0,1.0,0.0,0,0.0,0,1.0
0.0,0.0,0.0,wednews.com,0.0,0.0,parked,0,0,0.0,0.0,1.0,1.0,3894,0.0,0.0,1,0.0,1.0,0.0,0,0.0,0,0.0
0.75887109077,0.607460388417,0.666666666667,jananews.com,86.75,39.0,parked,0,0,0.75,1.0,1.0,0.24112890923,7903,0.0,0.150197628458,1,347.0,0.0,430.0,0,0.021964665538,0,0.0
1.0,1.0,1.0,gnpnews.com,47.0,84.0,parked,1,4,1.0,1.0,6.0,0.0298919065324,7284,1,0.146341463415,2,94.0,0.0,70.0,5,0.00201424711373,0,0.0
0.660174269605,0.585425115681,0.666666666667,titsnews.com,86.75,39.0,parked,0,0,0.75,1.0,1.0,0.339825730395,23205,0.0,0.155462184874,1,347.0,0.0,402.0,0,0.0207019527682,0,0.0
0.639198414446,0.5,0.666666666667,boomnews.com,86.75,39.0,parked,0,0,0.75,1.0,1.0,0.360801585554,16384,0.0,0.150197628458,1,347.0,0.0,430.0,0,0.021964665538,0,0.0
0.0,0.0,0.0,otwnews.com,42.6666666667,51.5,parked,0,0,0.666666666667,0.5,1.0,0.0934246575342,1364,1,0.402912621359,1,128.0,0.0,123.0,0,0.148843930636,0,0.0
1.0,1.0,1.0,ugcnews.com,47.0,84.0,parked,1,4,1.0,1.0,6.0,0.0252842043147,7284,1,0.146341463415,2,94.0,0.0,70.0,5,0.00202619224117,0,0.0
0.887338250232,0.883515981735,0.8,bonnnews.com,0.0,60.6666666667,parked,0,1,0.0,1.0,1.0,0.112661749768,2551,0.0,0.0,1,0.0,0.0,0.0,0,0.0,0,0.0
0.0,0.0,0.0,newsvid.com,0.0,0.0,parked,0,0,0.0,0.0,1.0,1.0,6933,0.0,0.0,1,0.0,1.0,0.0,0,0.0,0,0.0
0.190094465496,0.18299822112,0.5,akwnews.com,0.0,65.6666666667,parked,0,2,0.0,0.666666666667,1.0,0.000117414740887,11,1,0.0,2,0.0,0.0,82.0,0,0.0338004946414,0,0.0
0.924542517205,0.892190434908,0.909090909091,newsbei.com,56.5,55.6666666667,parked,0,1,0.833333333333,1.0,1.0,0.0538714750186,10654,0.0,0.0616500453309,1,339.0,0.0,1035.0,0,0.101950272668,0,0.0
1.0,1.0,1.0,secnews.com,47.0,104.833333333,parked,1,1,0.0909090909091,1.0,2.0,0.136568450748,34855,1,0.0269482884195,2,517.0,0.0,1336.0,1,0.0203996731298,0,1.0
0.653958493467,0.0,0.333333333333,bvbnews.com,0.0,50.0,parked,0,1,0.0,1.0,1.0,0.289930822444,1886,0.0,0.0,4,0.0,0.0,13.0,1,0.00698924731183,0,1.0
0.0,0.0,0.0,reachnews.com,0.0,0.0,parked,0,0,0.0,0.0,1.0,1.0,6947,0.0,0.0,1,0.0,1.0,0.0,0,0.0,0,0.0
0.656343633494,0.521633926582,0.666666666667,wishnews.com,54.75,39.0,parked,0,0,0.75,1.0,1.0,0.343656366506,15025,0.0,0.150495049505,1,219.0,0.0,429.0,0,0.0221238938053,0,0.0
0.999750031814,0.999750002841,0.967741935484,newschop.com,0.0,63.0,parked,1,1,0.0,1.0,2.0,0.000249968185867,110,1,0.0,2,8.0,0.0,0.0,0,0.0,0,1.0
0.0,0.0,0.0,newsfast.com,0.0,0.0,parked,0,0,0.0,0.0,1.0,1.0,3894,0.0,0.0,1,0.0,1.0,0.0,0,0.0,0,0.0
0.887168826573,0.882301374919,0.8,nswnews.com,0.0,60.6666666667,parked,0,1,0.0,1.0,1.0,0.112831173427,2551,0.0,0.0,1,0.0,0.0,0.0,0,0.0,0,0.0
0.926551814089,0.877410071942,0.6,avmnews.com,364.230769231,89.9230769231,parked,0,8,0.0769230769231,0.923076923077,5.0,0.0176475258305,1556,1,0.115107913669,1,4735.0,1.0,123.0,3,0.00507095691511,0,1.0
1.0,1.0,1.0,socknews.com,46.5,56.0,parked,1,4,0.75,0.333333333333,3.0,0.119357057525,32970,1,0.129411764706,2,2212.0,0.0,370.0,4,0.00410267301213,0,0.0
0.849324606601,0.819196577769,0.916666666667,newscool.com,585.857142857,85.1428571429,parked,0,2,0.142857142857,0.857142857143,2.0,0.150675393399,10820,1,0.222222222222,1,4101.0,0.0,56.0,0,0.00352664576803,0,0.0
0.996442004676,0.996431484502,0.909090909091,newswoo.com,62.0,239.2,parked,1,1,1.0,0.2,1.0,0.00355799532378,175,1,0.017825311943,2,62.0,0.0,551.0,0,0.0511814615455,0,0.0
0.999790512103,1.0,0.916666666667,newscou.com,0.0,38.1666666667,parked,1,1,0.0,0.666666666667,1.0,0.000209487897313,11,0.0,0.0,5,0.0,0.0,123.0,0,0.00144811509572,0,0.0
0.964581872339,0.854261490406,0.833333333333,stvnews.com,0.0,0.0,parked,0,0,0.0,0.0,3.0,0.0304151996472,4207,0.0,0.0,1,15947.0,0.0,0.0,1,0.0,0,1.0
0.666666666667,0.666666666667,0.5,newsarab.com,86.75,39.0,parked,0,0,0.75,1.0,1.0,0.333333333333,8192,0.0,0.155462184874,1,347.0,0.0,402.0,0,0.0141548709409,0,0.0
0.658958942773,0.581114020042,0.666666666667,warenews.com,86.75,39.0,parked,0,0,0.75,1.0,1.0,0.341041057227,23200,0.0,0.155462184874,1,347.0,0.0,402.0,0,0.020706455542,0,0.0
0.999695317023,0.999695317023,0.964285714286,newstent.com,4.0,61.9090909091,parked,1,1,0.0,0.409090909091,2.0,0.000304682977362,110,1,0.0868263473054,2,8.0,0.0,305.0,0,0.00325593183989,0,0.0
0.0773922988944,0.0773922988944,0.333333333333,policynews.com,0.0,284.5,parked,0,0,0.0,1.0,1.0,0.921273351125,33831,0.0,0.0,1,0.0,1.0,0.0,0,0.0,0,1.0
0.863295285117,0.838471646619,0.923076923077,aosnews.com,32.3333333333,211.0,parked,0,2,0.333333333333,1.0,2.0,0.136704714883,11186,1,0.356435643564,1,4037.0,0.0,65.0,0,0.00574320482202,0,0.0
0.0,0.0,0.0,asapnews.com,0.0,0.0,parked,0,0,0.0,0.0,1.0,1.0,6938,0.0,0.0,1,0.0,1.0,0.0,0,0.0,0,0.0
0.960828477304,0.854713559473,0.842105263158,jobsnews.com,0.0,0.0,parked,0,0,0.0,0.0,3.0,0.0336248286697,4195,0.0,0.0,1,15346.0,0.0,0.0,1,0.0,0,1.0
1.0,1.0,1.0,mbmnews.com,9.5,69.7333333333,parked,1,4,0.0,1.0,6.0,0.00523210307665,869,1,0.144927536232,2,94.0,0.0,236.0,5,0.0279408787204,0,0.0
1.0,1.0,1.0,pdtnews.com,47.0,84.0,parked,1,4,1.0,1.0,6.0,0.0273667916532,7284,1,0.146341463415,2,94.0,0.0,70.0,5,0.00202479134772,0,0.0
0.999650765934,0.999650765934,0.966666666667,newshorn.com,0.0,63.0,parked,1,1,0.0,1.0,2.0,0.000349234066196,110,1,0.0,2,8.0,0.0,0.0,0,0.0,0,1.0
0.230793694062,0.230793694062,0.333333333333,scannews.com,0.0,283.5,parked,0,0,0.0,1.0,1.0,0.768093226114,33813,0.0,0.0,1,0.0,1.0,0.0,0,0.0,0,1.0
0.660883992374,0.584422764808,0.666666666667,miaminews.com,87.25,39.0,parked,0,0,0.75,1.0,1.0,0.339116007626,23301,0.0,0.150684931507,1,349.0,0.0,434.0,0,0.0221317510503,0,0.0
0.232849735582,0.315848448771,0.25,cevnews.com,28.5530726257,28.8461538462,parked,0,0,0.0,0.153846153846,1.0,0.325075047389,44074,1,0.152325581395,2,5111.0,0.0,729.0,0,0.0256051448477,0,0.0
0.788317655833,0.788317655833,0.5,milknews.com,86.75,39.0,parked,0,0,0.75,1.0,1.0,0.211682344167,8799,0.0,0.150197628458,1,347.0,0.0,430.0,0,0.0150233069089,0,0.0
0.601955307263,0.601955307263,0.5,luxusnews.com,31.0,0.0,parked,1,0,1.0,0.0,1.0,0.398044692737,285,0.0,0.372413793103,2,62.0,0.0,91.0,0,0.346062052506,0,0.0
0.999575430748,0.999575385005,0.967741935484,newsship.com,4.0,62.3043478261,parked,1,1,0.0,0.434782608696,2.0,0.000424569252315,201,1,0.0868263473054,2,8.0,0.0,305.0,0,0.00322412494932,0,1.0
0.0,0.0,0.0,boersenews.com,0.0,0.0,parked,0,0,0.0,0.0,1.0,1.0,6956,0.0,0.0,1,0.0,1.0,0.0,0,0.0,0,0.0
1.0,1.0,1.0,newsb24.com,0.0,0.0,parked,1,4,0.0,0.0,6.0,0.0383414834427,7284,1,0.0,2,94.0,0.0,0.0,5,0.0,0,0.0
0.963998288376,0.955387643142,0.727272727273,newsbureau.com,0.0,84.8,parked,0,4,0.0,0.8,2.0,0.0244647059792,2973,0.0,0.0,1,1.0,0.0,99.0,0,0.0273028130171,0,1.0
1.0,1.0,1.0,newshud.com,47.0,84.0,parked,1,4,1.0,1.0,6.0,0.0303305379048,7284,1,0.146341463415,2,94.0,0.0,70.0,5,0.00201593076999,0,0.0
0.0,0.0,0.0,bshnews.com,0.0,0.0,parked,0,0,0.0,0.0,1.0,0.566343042071,350,0.0,0.0,2,0.0,0.0,7.0,0,0.0261194029851,0,0.0
0.376704662694,0.207342674025,0.625,newstrends.com,0.0,38.6,parked,0,1,0.0,0.4,1.0,0.0205153536882,3281,1,0.0,1,0.0,0.0,0.0,0,0.0,0,1.0
0.60152394775,0.279774396642,0.666666666667,secunews.com,86.75,39.0,parked,0,0,0.75,1.0,1.0,0.39847605225,10982,0.0,0.150495049505,1,347.0,0.0,429.0,0,0.0219231604081,0,0.0
0.999733095222,0.999733062189,0.965517241379,newspops.com,4.0,61.9090909091,parked,1,1,0.0,0.409090909091,2.0,0.000266904778081,110,1,0.0868263473054,2,8.0,0.0,305.0,0,0.00325631276202,0,0.0
0.615458271094,0.748915758969,0.272727272727,weltnews.com,2.5,298.0,parked,0,0,0.0,0.666666666667,1.0,0.0652374933657,11923,1,0.00843773970851,1,10.0,0.0,3878.0,0,0.113910409507,0,0.0
1.0,1.0,1.0,newsteens.com,47.0,84.0,parked,1,4,1.0,1.0,6.0,0.0403311034754,7289,1,0.146341463415,2,94.0,0.0,70.0,5,0.0020245913782,0,0.0
0.0,0.0,0.0,newsflip.com,0.0,0.0,parked,0,0,0.0,0.0,1.0,1.0,6930,0.0,0.0,1,0.0,1.0,0.0,0,0.0,0,0.0
0.0,0.0,0.0,nailnews.com,0.0,0.0,parked,0,0,0.0,0.0,1.0,0.744032317297,2026,0.0,0.0,4,0.0,0.0,0.0,0,0.0,0,1.0
1.0,1.0,1.0,bronews.com,0.0,0.0,parked,1,4,0.0,0.0,6.0,0.0280826750252,7284,1,0.0,2,94.0,0.0,0.0,5,0.0,0,0.0
0.887123893805,0.882793475764,0.8,cbbnews.com,0.0,60.6666666667,parked,0,1,0.0,1.0,1.0,0.112876106195,2551,0.0,0.0,1,0.0,0.0,0.0,0,0.0,0,0.0
0.0945843928798,0.0967309372397,0.0769230769231,yodnews.com,21.0326409496,34.8333333333,parked,0,0,0.0,0.166666666667,1.0,0.00160918626828,162,1,0.0621228257011,4,7088.0,0.0,2642.0,0,0.0321073207427,0,0.0
0.438057670194,0.297945080924,0.75,newsact.com,114.0,39.0,parked,0,0,0.857142857143,1.0,1.0,0.561942329806,38606,0.0,0.21207177814,1,798.0,0.0,483.0,0,0.0159972859417,0,0.0
1.0,1.0,1.0,newsvail.com,44.296875,61.1724137931,parked,1,4,0.859375,1.0,3.0,0.0664743166798,24583,1,0.141459227468,2,2835.0,0.0,5001.0,4,0.131647343323,0,1.0
1.0,1.0,1.0,newsrack.com,0.0,72.0,parked,1,1,0.0,0.0,2.0,0.111810492038,22524,1,0.0,2,453.0,0.0,0.0,1,0.0,0,1.0
0.887288472584,0.882464061924,0.8,newspick.com,0.0,60.6666666667,parked,0,1,0.0,1.0,1.0,0.112711527416,2551,0.0,0.0,1,0.0,0.0,0.0,0,0.0,0,0.0
0.657323034662,0.581165725013,0.666666666667,seoulnews.com,87.25,39.0,parked,0,0,0.75,1.0,1.0,0.342676965338,23203,0.0,0.15756302521,1,349.0,0.0,401.0,0,0.0207037536427,0,0.0
0.0537406362487,0.0381765591568,0.545454545455,schoolnews.com,0.0,67.0,parked,0,2,0.0,0.666666666667,1.0,0.0290884327269,1495,1,0.0,2,0.0,0.0,85.0,0,0.034,0,0.0
0.999610893565,0.999610893565,0.964285714286,newsstep.com,4.0,61.9090909091,parked,1,1,0.0,0.409090909091,2.0,0.000389106434759,110,1,0.0868263473054,2,8.0,0.0,305.0,0,0.0032562810151,0,0.0
0.0,0.0,0.0,newsover.com,0.0,0.0,parked,0,0,0.0,0.0,1.0,1.0,3894,0.0,0.0,1,0.0,1.0,0.0,0,0.0,0,0.0
0.996015664132,0.996008029563,0.888888888889,hoopnews.com,62.0,239.2,parked,1,1,1.0,0.2,1.0,0.00398433586813,175,1,0.0194931773879,2,62.0,0.0,503.0,0,0.04781433498,0,0.0
0.0,0.0,0.0,trainnews.com,0.0,0.0,parked,0,0,0.0,0.0,1.0,1.0,3894,0.0,0.0,1,0.0,1.0,0.0,0,0.0,0,0.0
0.937434956697,0.890172157543,0.823529411765,newsvest.com,0.0,0.0,parked,0,0,0.0,0.0,3.0,0.0503589508405,2855,0.0,0.0,1,15385.0,0.0,0.0,1,0.0,0,1.0
0.913756381216,0.91127573734,0.8,whatnews.com,0.0,60.6666666667,parked,0,1,0.0,1.0,1.0,0.0862436187836,2551,0.0,0.0,1,0.0,0.0,0.0,0,0.0,0,0.0
0.661798997318,0.585414656805,0.666666666667,newsfull.com,86.75,39.0,parked,0,0,0.75,1.0,1.0,0.338201002682,23206,0.0,0.155462184874,1,347.0,0.0,402.0,0,0.0207010524485,0,0.0
1.0,1.0,1.0,pptnews.com,0.0,84.0,parked,1,4,0.0,1.0,6.0,0.0294645890976,7284,1,0.0,2,94.0,0.0,9.0,5,0.00591715976331,0,0.0
0.0774112712118,0.0774112712118,0.333333333333,opticnews.com,0.0,284.0,parked,0,0,0.0,1.0,1.0,0.921254051698,33822,0.0,0.0,1,0.0,1.0,0.0,0,0.0,0,1.0
0.660387231816,0.523266583629,0.666666666667,fucknews.com,86.75,39.0,parked,0,0,0.75,1.0,1.0,0.339612768184,14927,0.0,0.155462184874,1,347.0,0.0,402.0,0,0.0206938527085,0,0.0
1.0,1.0,1.0,nipnews.com,0.0,0.0,parked,1,4,0.0,0.0,6.0,0.0176397509511,7284,1,0.0,2,94.0,0.0,0.0,5,0.0,0,0.0
0.957055914841,0.941287549782,0.971428571429,bponews.com,39.95,92.5882352941,parked,0,3,0.35,1.0,1.0,0.0429440851587,36502,0.0,0.0293146160198,1,799.0,0.0,4702.0,0,0.128905210496,0,0.0
0.886138393849,0.882922575612,0.666666666667,dngnews.com,0.0,60.6666666667,parked,0,1,0.0,1.0,1.0,0.000488867161459,11,0.0,0.0,2,0.0,0.0,0.0,0,0.0,0,0.0
0.230793694062,0.230793694062,0.333333333333,casenews.com,0.0,283.5,parked,0,0,0.0,1.0,1.0,0.768093226114,33813,0.0,0.0,1,0.0,1.0,0.0,0,0.0,0,1.0
0.991295832509,0.991271470608,0.8,racingnews.com,0.0,60.6666666667,parked,0,1,0.0,1.0,1.0,0.00870416749125,2551,0.0,0.0,1,0.0,0.0,0.0,0,0.0,0,0.0
0.0,0.0,0.0,minutenews.com,0.0,0.0,parked,0,0,0.0,0.0,1.0,1.0,3894,0.0,0.0,1,0.0,1.0,0.0,0,0.0,0,0.0
0.0773922988944,0.0773922988944,0.333333333333,moviesnews.com,0.0,284.5,parked,0,0,0.0,1.0,1.0,0.921273351125,33831,0.0,0.0,1,0.0,1.0,0.0,0,0.0,0,1.0
1.0,1.0,1.0,lbnnews.com,47.0,84.0,parked,1,4,1.0,1.0,6.0,0.0328353633798,7284,1,0.146341463415,2,94.0,0.0,70.0,5,0.00203423468122,0,0.0
0.161275249802,0.161275249802,0.5,cvcnews.com,86.25,39.0,parked,0,0,0.75,1.0,1.0,0.838724750198,23335,0.0,0.154661016949,1,345.0,0.0,399.0,0,0.0140384272203,0,0.0
0.0,0.0,0.0,tidenews.com,19.2,26.25,parked,0,0,0.6,0.0,1.0,0.0577004264443,12164,1,0.0165505226481,2,96.0,0.0,2258.0,0,0.190983197471,0,0.0
0.0,0.0,0.0,movenews.com,0.0,0.0,parked,0,0,0.0,0.0,1.0,1.0,3894,0.0,0.0,1,0.0,1.0,0.0,0,0.0,0,0.0
1.0,1.0,1.0,dcanews.com,9.5,69.8,parked,1,4,0.0,1.0,6.0,0.0270780669145,7284,1,0.144927536232,2,94.0,0.0,236.0,5,0.02793805041,0,0.0
0.999913988725,0.999906942439,0.971428571429,sffnews.com,0.0,0.0,parked,1,0,0.0,0.0,2.0,8.60112749101e-05,81,1,0.0,2,417.0,0.0,4.0,0,0.093023255814,0,0.0
0.9996604823,0.999660428847,0.967741935484,hullnews.com,4.0,62.3043478261,parked,1,1,0.0,0.434782608696,2.0,0.000339517699675,110,1,0.0868263473054,2,8.0,0.0,305.0,0,0.00322484093038,0,1.0
1.0,1.0,1.0,rnsnews.com,0.0,72.0,parked,1,4,0.0,0.0,6.0,0.0265056821283,7284,1,0.0,2,94.0,0.0,0.0,5,0.0,0,0.0
0.888811402171,0.883939945405,0.8,trendingnews.com,0.0,60.6666666667,parked,0,1,0.0,1.0,1.0,0.111188597829,2551,0.0,0.0,1,0.0,0.0,0.0,0,0.0,0,0.0
0.997039367947,0.997032087375,0.9,indienews.com,62.0,239.2,parked,1,1,1.0,0.2,2.0,0.00296063205265,175,1,0.0180505415162,2,62.0,0.0,544.0,2,0.0511211589923,0,0.0
0.81067110566,0.698184357542,0.5,hl7news.com,32.0,0.0,parked,1,0,1.0,0.0,1.0,0.162081654109,1850,0.0,0.0,7,32.0,0.0,0,0,0.0,0,1.0
0.698763059181,0.627715413203,0.666666666667,cfbnews.com,86.25,39.0,parked,0,0,0.75,1.0,1.0,0.301236940819,19434,0.0,0.149700598802,1,345.0,0.0,426.0,0,0.0217693577822,0,0.0
0.786030928888,0.755782503264,0.916666666667,partynews.com,583.0,85.1428571429,parked,0,2,0.142857142857,0.857142857143,2.0,0.213969071112,10474,1,0.2,1,4081.0,0.0,64.0,0,0.00393720163394,0,0.0
0.795529916244,0.749248084744,0.733333333333,568news.com,637.571428571,85.1428571429,parked,0,2,0.142857142857,0.857142857143,2.0,0.02956918758,1917,1,0.32,5,4463.0,0.0,34.0,0,0.00237642585551,0,0.0
1.0,1.0,1.0,newsimg.com,0.0,0.0,parked,1,4,0.0,0.0,6.0,0.0211368147366,7284,1,0.0,2,94.0,0.0,0.0,5,0.0,0,0.0
1.0,1.0,1.0,glamnews.com,47.0,104.833333333,parked,1,1,0.0909090909091,1.0,2.0,0.127440222888,26713,1,0.0268700072622,2,517.0,0.0,1340.0,1,0.0204563686603,0,1.0
0.659220588235,0.58139744933,0.666666666667,newswho.com,86.25,39.0,parked,0,0,0.75,1.0,1.0,0.340779411765,23173,0.0,0.154334038055,1,345.0,0.0,400.0,0,0.0206001480772,0,0.0
0.344184514003,0.0,0.333333333333,pinnews.com,0.0,0.0,parked,0,0,0.0,0.0,1.0,0.333113673806,5055,0.0,0.39751552795,1,0.0,0.0,485.0,0,0.0773517824541,0,0.0
0.967586746046,0.967586746046,0.5,estenews.com,86.75,39.0,parked,0,0,0.75,1.0,1.0,0.0324132539539,1078,0.0,0.150197628458,1,347.0,0.0,430.0,0,0.0150241990558,0,0.0
0.655533980583,0.520738645393,0.666666666667,newsdown.com,86.75,39.0,parked,0,0,0.75,1.0,1.0,0.344466019417,15079,0.0,0.155462184874,1,347.0,0.0,402.0,0,0.0206713857645,0,0.0
0.999693593315,0.999693593315,0.964285714286,wrtnews.com,0.0,63.0,parked,1,1,0.0,1.0,2.0,0.000306406685237,110,1,0.0,2,8.0,0.0,0.0,0,0.0,0,0.0
0.0032027766804,0.00320807247135,0.166666666667,newsban.com,0.0,33.0,parked,0,0,0.0,0.5,1.0,0.0189485862633,1343,1,0.0,1,0.0,0.0,70.0,0,0.0337674867342,0,0.0
0.888128218434,0.851680338714,0.666666666667,newsapple.com,87.25,39.0,parked,0,0,0.75,1.0,1.0,0.111871781566,5605,0.0,0.148076923077,1,349.0,0.0,443.0,0,0.0224806536682,0,0.0
0.868023179818,0.864292459193,0.571428571429,sgenews.com,0.0,60.6666666667,parked,0,1,0.0,1.0,1.0,0.0203476972681,467,0.0,0.0,3,0.0,0.0,0.0,0,0.0,0,0.0
0.432374503739,0.412809594598,0.666666666667,globnews.com,86.75,39.0,parked,0,0,0.75,1.0,1.0,0.567625496261,23305,0.0,0.147286821705,1,347.0,0.0,440.0,0,0.0223444333781,0,0.0
0.0,0.0,0.0,paidnews.com,0.0,0.0,parked,0,0,0.0,0.0,1.0,1.0,3894,0.0,0.0,1,0.0,1.0,0.0,0,0.0,0,0.0
0.0783828781006,0.0690841650602,0.416666666667,newswwk.com,0.0,65.6666666667,parked,0,2,0.0,0.666666666667,1.0,0.00563410867677,467,1,0.0,3,0.0,0.0,82.0,0,0.0331447049313,0,0.0
0.904061395471,0.830436417272,0.777777777778,newsron.com,0.0,340.0,parked,0,0,0.0,0.0,4.0,0.030337740542,1854,0.0,0.0,1,15742.0,0.0,0.0,2,0.0,0,1.0
0.999781749496,0.999781749496,0.966666666667,leaguenews.com,0.0,63.0,parked,1,1,0.0,1.0,2.0,0.00021825050396,110,1,0.0,2,8.0,0.0,0.0,0,0.0,0,1.0
0.0,0.0,0.0,ovanews.com,0.0,0.0,parked,0,0,0.0,0.0,3.0,0.0699851441828,10317,1,0.0,1,262.0,0.0,0.0,1,0.0,0,1.0
0.653155228006,0.0,0.333333333333,newsrome.com,0.0,50.0,parked,0,1,0.0,1.0,1.0,0.290495931214,1892,0.0,0.0,4,0.0,0.0,14.0,1,0.0075026795284,0,1.0
0.37800497375,0.0,0.333333333333,newsbro.com,0.0,50.0,parked,0,1,0.0,1.0,1.0,0.521138436032,1886,0.0,0.0,4,0.0,0.0,13.0,1,0.00698924731183,0,1.0
1.0,1.0,1.0,adrnews.com,9.5,69.8,parked,1,4,0.0,1.0,6.0,0.0249836220764,7284,1,0.144927536232,2,94.0,0.0,236.0,5,0.0279437076035,0,0.0
0.0371839175731,0.0268509199763,0.545454545455,newseyes.com,0.0,64.6666666667,parked,0,2,0.0,0.666666666667,1.0,0.017176521595,1347,1,0.0,1,0.0,0.0,83.0,0,0.035454933789,0,0.0
0.999601665761,0.999601665761,0.964285714286,wagnews.com,4.0,61.9090909091,parked,1,1,0.0,0.409090909091,2.0,0.000398334238638,110,1,0.0873493975904,2,8.0,0.0,303.0,0,0.00323798191802,0,0.0
0.839079801997,0.784,0.6,newsquick.com,0.0,41.0,parked,0,8,0.0,0.0,5.0,0.0111305044493,1556,1,0.0,1,4705.0,1.0,0.0,3,0.0,0,1.0
0.964874896893,0.950618862633,0.939393939394,voznews.com,45.75,15.0,parked,0,2,1.0,0.0,2.0,0.0349907516185,11199,0.0,0.0,2,183.0,0.0,164.0,0,0.107894736842,0,1.0
0.0,0.0,0.0,wjznews.com,0.0,0.0,parked,0,0,0.0,0.0,1.0,1.0,3894,0.0,0.0,1,0.0,1.0,0.0,0,0.0,0,0.0
0.650700980976,0.650700980976,0.5,artsnews.com,86.75,39.0,parked,0,0,0.75,1.0,1.0,0.349299019024,8795,0.0,0.155462184874,1,347.0,0.0,402.0,0,0.0141540291406,0,0.0
1.0,1.0,1.0,pumpnews.com,46.5,56.0,parked,1,4,0.75,0.333333333333,3.0,0.0991502808989,28238,1,0.129411764706,2,2824.0,0.0,370.0,3,0.00409970482125,0,1.0
0.154266739901,0.154266739901,0.333333333333,newssport.com,0.0,284.0,parked,0,0,0.0,1.0,1.0,0.844509911619,33826,0.0,0.0,1,0.0,1.0,0.0,0,0.0,0,1.0
0.867945086075,0.8638065593,0.571428571429,toronews.com,0.0,60.6666666667,parked,0,1,0.0,1.0,1.0,0.0203966005666,468,0.0,0.0,3,0.0,0.0,0.0,0,0.0,0,0.0
0.900739299611,0.897775996794,0.8,lednews.com,0.0,60.6666666667,parked,0,1,0.0,1.0,1.0,0.0992607003891,2551,0.0,0.0,1,0.0,0.0,0.0,0,0.0,0,0.0
0.357995006958,0.123633011634,0.625,newsloop.com,0.0,38.2,parked,0,1,0.0,0.4,1.0,0.0335700253745,3281,1,0.0,1,0.0,0.0,0.0,0,0.0,0,1.0
0.672489690005,0.536828309305,0.666666666667,newsxtra.com,86.75,39.0,parked,0,0,0.75,1.0,1.0,0.327510309995,14136,0.0,0.151696606786,1,347.0,0.0,425.0,0,0.0217551782535,0,0.0
0.888714391659,0.883982172094,0.8,areanews.com,0.0,60.6666666667,parked,0,1,0.0,1.0,1.0,0.111285608341,2551,0.0,0.0,1,0.0,0.0,0.0,0,0.0,0,0.0
1.0,1.0,1.0,cwcnews.com,0.0,0.0,parked,1,4,0.0,0.0,6.0,0.0308928124589,7284,1,0.0,2,94.0,0.0,0.0,5,0.0,0,0.0
0.950609489583,0.951117589893,0.5,easnews.com,0.0,0.0,parked,1,1,0.0,0.0,1.0,0.0226798115682,467,0.0,0.0,6,0.0,0.0,41.0,0,0.00245582509733,0,1.0
1.0,1.0,1.0,newsfirst.com,0.0,72.0,parked,1,1,0.0,0.0,2.0,0.121632575966,30910,1,0.0,2,517.0,0.0,0.0,1,0.0,0,1.0
0.952892490065,0.892052378526,0.833333333333,newslpi.com,0.0,0.0,parked,0,0,0.0,0.0,3.0,0.040416541775,4180,0.0,0.0,1,15359.0,0.0,0.0,1,0.0,0,1.0
0.979979909278,0.979830643822,0.8,topicnews.com,0.0,60.6666666667,parked,0,1,0.0,1.0,1.0,0.0200200907222,2551,0.0,0.0,1,0.0,0.0,0.0,0,0.0,0,0.0
0.999721585243,0.999716274007,0.967741935484,fairnews.com,4.0,62.3043478261,parked,1,1,0.0,0.434782608696,2.0,0.000278414756995,110,1,0.0868263473054,2,8.0,0.0,305.0,0,0.00322493434265,0,1.0
0.88653649424,0.882637099742,0.8,tunenews.com,0.0,60.6666666667,parked,0,1,0.0,1.0,1.0,0.11346350576,2551,0.0,0.0,1,0.0,0.0,0.0,0,0.0,0,0.0
0.0,0.0,0.0,trendsnews.com,0.0,0.0,parked,0,0,0.0,0.0,1.0,1.0,6956,0.0,0.0,1,0.0,1.0,0.0,0,0.0,0,0.0
1.0,1.0,1.0,ditnews.com,0.0,0.0,parked,1,4,0.0,0.0,6.0,0.0152170370649,7284,1,0.0,2,94.0,0.0,0.0,5,0.0,0,0.0
1.0,1.0,1.0,pwrnews.com,47.0,84.0,parked,1,4,1.0,1.0,6.0,0.0273117908646,7284,1,0.146341463415,2,94.0,0.0,70.0,5,0.00196341346614,0,0.0
0.130782469022,0.0693124100697,0.5,sudannews.com,0.0,65.0,parked,0,2,0.0,0.666666666667,1.0,0.0155002294631,1351,1,0.0,1,0.0,0.0,84.0,0,0.0357751277683,0,0.0
1.0,1.0,1.0,newsref.com,0.0,72.0,parked,1,1,0.0,0.0,2.0,0.02081324083,7359,1,0.0,2,496.0,0.0,0.0,1,0.0,0,1.0
0.658024546362,0.580091574431,0.666666666667,globenews.com,87.25,39.0,parked,0,0,0.75,1.0,1.0,0.341975453638,23294,0.0,0.151277013752,1,349.0,0.0,432.0,0,0.0220518152673,0,0.0
0.0,0.0,0.0,news739.com,0.0,0.0,parked,0,0,0.0,0.0,1.0,0.566343042071,350,0.0,0.0,2,0.0,0.0,7.0,0,0.0261194029851,0,0.0
0.0,0.0,0.0,weeknews.com,0.0,0.0,parked,0,0,0.0,0.0,1.0,1.0,3894,0.0,0.0,1,0.0,1.0,0.0,0,0.0,0,0.0
0.74833997344,0.683692204974,0.666666666667,eranews.com,86.25,39.0,parked,0,0,0.75,1.0,1.0,0.25166002656,15160,0.0,0.154661016949,1,345.0,0.0,399.0,0,0.0201795639162,0,0.0
0.846519196095,0.823790770474,0.916666666667,m5snews.com,573.571428571,85.1428571429,parked,0,2,0.142857142857,0.857142857143,2.0,0.153480803905,10470,1,0.313725490196,2,4015.0,0.0,35.0,0,0.00252913463923,0,0.0
1.0,1.0,1.0,bentnews.com,0.0,72.0,parked,1,4,0.0,0.0,6.0,0.0304665941968,7287,1,0.0,2,94.0,0.0,0.0,5,0.0,0,0.0
0.915209732101,0.912384942987,0.8,dietnews.com,0.0,60.6666666667,parked,0,1,0.0,1.0,1.0,0.0847902678987,2551,0.0,0.0,1,0.0,0.0,0.0,0,0.0,0,0.0
0.0,0.0,0.0,celenews.com,0.0,0.0,parked,0,0,0.0,0.0,1.0,1.0,3894,0.0,0.0,1,0.0,1.0,0.0,0,0.0,0,0.0
0.0,0.0,0.0,buttnews.com,0.0,0.0,parked,0,0,0.0,0.0,1.0,1.0,6938,0.0,0.0,1,0.0,1.0,0.0,0,0.0,0,0.0
1.0,1.0,1.0,syltnews.com,23.36,21.8076923077,parked,1,2,0.2,0.0384615384615,1.0,0.000242308009569,47,1,0.0375865479723,3,584.0,0.0,5838.0,0,0.233083573487,0,0.0
0.0,0.0,0.0,gaianews.com,0.0,0.0,parked,0,0,0.0,0.0,1.0,1.0,697,0.0,0.0,1,0.0,0.0,21.0,0,0.0496453900709,0,0.0
0.600382852834,0.378417396012,0.666666666667,fnqnews.com,86.25,39.0,parked,0,0,0.75,1.0,1.0,0.399617147166,13778,0.0,0.15,1,345.0,0.0,425.0,0,0.0217211868456,0,0.0
0.996696416837,0.994372589525,0.977272727273,infos.info,74.75,68.4225352113,parked,1,0,0.875,0.957746478873,1.0,0.00330358316308,1106,1,0.12389380531,3,598.0,0.0,594.0,0,0.0103601607506,0,0.0
0.954317586055,0.922619433461,0.909090909091,hlinews.com,47.125,46.8,parked,0,0,1.0,1.0,1.0,0.0456824139449,4775,0.0,0.0497925311203,1,377.0,0.0,687.0,0,0.165106188628,0,0.0
0.0,0.0,0.0,waynews.com,0.0,0.0,parked,0,0,0.0,0.0,1.0,1.0,3894,0.0,0.0,1,0.0,1.0,0.0,0,0.0,0,0.0
0.0,0.0,0.0,motonews.com,0.0,0.0,parked,0,0,0.0,0.0,1.0,0.977035490605,468,0.0,0.0,4,0.0,0.0,10.0,0,0.0213675213675,0,1.0
0.877845690495,0.748127853881,0.666666666667,warmnews.com,86.75,39.0,parked,0,0,0.75,1.0,1.0,0.122154309505,5516,0.0,0.150495049505,1,347.0,0.0,429.0,0,0.0215360996205,0,0.0
0.990519057652,0.990519057652,0.9,dtvnews.com,0.0,51.6666666667,parked,0,0,0.0,0.666666666667,3.0,0.00948094234821,396,0.0,0.0,1,0.0,0.0,0.0,2,0.0,0,1.0
1.0,1.0,1.0,iddnews.com,0.0,0.0,parked,1,4,0.0,0.0,6.0,0.0217253844594,7284,1,0.0,2,94.0,0.0,0.0,5,0.0,0,0.0
0.66241046403,0.0,0.333333333333,dannews.com,0.0,50.0,parked,0,0,0.0,1.0,1.0,0.289162254749,1857,0.0,0.0,4,0.0,0.0,13.0,0,0.00709994538504,0,1.0
0.619213818806,0.401125738475,0.666666666667,gtknews.com,86.25,39.0,parked,0,0,0.75,1.0,1.0,0.380786181194,12874,0.0,0.15,1,345.0,0.0,425.0,0,0.0217277941943,0,0.0
0.552366653192,0.413330306012,0.666666666667,dollnews.com,86.75,39.0,parked,0,0,0.75,1.0,1.0,0.447633346808,23255,0.0,0.150495049505,1,347.0,0.0,429.0,0,0.0219155491906,0,0.0
0.0,0.0,0.0,fromnews.com,19.2,26.5,parked,0,0,0.6,0.0,1.0,0.0549775841498,12165,1,0.0165505226481,2,96.0,0.0,2258.0,0,0.190967312651,0,0.0
0.0,0.0,0.0,silknews.com,0.0,0.0,parked,0,0,0.0,0.0,1.0,1.0,3894,0.0,0.0,1,0.0,1.0,0.0,0,0.0,0,0.0
1.0,1.0,1.0,argonews.com,0.0,84.0,parked,1,4,0.0,1.0,6.0,0.0323673900877,7287,1,0.0,2,94.0,0.0,9.0,5,0.00591715976331,0,0.0
0.0,0.0,0.0,rarenews.com,0.0,0.0,parked,0,0,0.0,0.0,1.0,1.0,6930,0.0,0.0,1,0.0,1.0,0.0,0,0.0,0,0.0
0.0,0.0,0.0,newsopen.com,0.0,0.0,parked,0,0,0.0,0.0,1.0,1.0,6938,0.0,0.0,1,0.0,1.0,0.0,0,0.0,0,0.0
0.919801542801,0.880706517815,0.869565217391,newslao.com,56.5,95.8181818182,parked,0,1,0.833333333333,1.0,1.0,0.0592361728053,12202,0.0,0.0605520926091,1,339.0,0.0,1055.0,0,0.0502011622709,0,0.0
0.528062166426,0.368154955846,0.75,drivenews.com,115.428571429,39.0,parked,0,0,0.857142857143,1.0,1.0,0.471937833574,28119,0.0,0.214743589744,1,808.0,0.0,490.0,0,0.0162584679521,0,0.0
0.987148956923,0.986004107797,0.9375,gsrnews.com,36.3,51.1666666667,parked,0,0,0.8,1.0,1.0,0.0128510430772,4954,0.0,0.215189873418,1,363.0,0.0,62.0,0,0.0177488204898,0,0.0
0.999658357507,0.999658357507,0.964285714286,news8am.com,0.0,63.0,parked,1,1,0.0,1.0,2.0,0.000341642492872,110,1,0.0,2,8.0,0.0,0.0,0,0.0,0,0.0
0.946576314266,0.918839755627,0.909090909091,169news.com,56.5,55.6666666667,parked,0,1,0.833333333333,1.0,1.0,0.0348439941332,8006,0.0,0.0616500453309,1,339.0,0.0,1035.0,0,0.101950272668,0,0.0
0.887670629679,0.882647897691,0.8,papernews.com,0.0,60.6666666667,parked,0,1,0.0,1.0,1.0,0.112329370321,2551,0.0,0.0,1,0.0,0.0,0.0,0,0.0,0,0.0
0.99964395879,0.99964395879,0.962962962963,newsboot.com,0.0,63.0,parked,1,1,0.0,1.0,2.0,0.000356041210152,110,1,0.0,2,8.0,0.0,0.0,0,0.0,0,0.0
0.96834028357,0.945248947095,0.666666666667,jobnews.com,49.25,39.0,parked,0,0,0.25,1.0,1.0,0.0316597164304,949,0.0,0.197826086957,1,197.0,0.0,369.0,0,0.0202875540266,0,0.0
1.0,1.0,1.0,jsanews.com,9.5,69.8,parked,1,4,0.0,1.0,6.0,0.0371172474942,7284,1,0.144927536232,2,94.0,0.0,236.0,5,0.02793805041,0,0.0
1.0,1.0,1.0,cndnews.com,0.0,0.0,parked,1,4,0.0,0.0,6.0,0.0336216685284,7284,1,0.0,2,94.0,0.0,0.0,5,0.0,0,0.0
0.788364120855,0.678487844989,0.666666666667,givenews.com,86.75,39.0,parked,0,0,0.75,1.0,1.0,0.211635879145,15249,0.0,0.150495049505,1,347.0,0.0,429.0,0,0.0215370180826,0,0.0
0.0,0.0,0.0,fortnews.com,0.0,0.0,parked,0,0,0.0,0.0,1.0,1.0,3894,0.0,0.0,1,0.0,1.0,0.0,0,0.0,0,0.0
0.748517893823,0.681216791211,0.666666666667,tellnews.com,86.75,39.0,parked,0,0,0.75,1.0,1.0,0.251482106177,15059,0.0,0.155462184874,1,347.0,0.0,402.0,0,0.020706455542,0,0.0
0.926867829072,0.8782996229,0.6,hmsnews.com,0.0,71.0,parked,0,8,0.0,0.0,5.0,0.0175715963502,1556,1,0.0,1,4574.0,1.0,0.0,3,0.0,0,1.0
0.0773543821448,0.0773543821448,0.333333333333,economicnews.com,0.0,285.5,parked,0,0,0.0,1.0,1.0,0.921311921611,33849,0.0,0.0,1,0.0,1.0,0.0,0,0.0,0,1.0
0.0,0.0,0.0,birdnews.com,0.0,0.0,parked,0,0,0.0,0.0,1.0,1.0,6938,0.0,0.0,1,0.0,1.0,0.0,0,0.0,0,0.0
1.0,1.0,1.0,sbknews.com,0.0,0.0,parked,1,4,0.0,0.0,6.0,0.0233855795347,7284,1,0.0,2,94.0,0.0,0.0,5,0.0,0,0.0
0.999418359182,0.999418359182,0.965517241379,newsviet.com,4.0,62.3043478261,parked,1,1,0.0,0.434782608696,2.0,0.000581640817604,197,1,0.0868263473054,3,8.0,0.0,305.0,0,0.00322431169634,0,1.0
0.899277450942,0.895822273043,0.8,ltenews.com,0.0,60.6666666667,parked,0,1,0.0,1.0,1.0,0.100722549058,2551,0.0,0.0,1,0.0,0.0,0.0,0,0.0,0,0.0
0.125616939978,0.111054787299,0.454545454545,newsstar.com,0.0,66.0,parked,0,2,0.0,0.666666666667,1.0,0.000218914185639,11,1,0.0,2,0.0,0.0,83.0,0,0.0341142622277,0,0.0
0.16020310186,0.148840206186,0.5,newsnorth.com,0.0,65.0,parked,0,2,0.0,0.666666666667,1.0,0.0219864273276,1351,1,0.0,1,0.0,0.0,84.0,0,0.0357751277683,0,0.0
0.999796175511,0.999796175511,0.966666666667,gradenews.com,4.0,62.3043478261,parked,1,1,0.0,0.434782608696,2.0,0.000203824488586,110,1,0.0863095238095,2,8.0,0.0,307.0,0,0.00324421400226,0,1.0
0.868051020852,0.864275762887,0.571428571429,tradenews.com,0.0,60.6666666667,parked,0,1,0.0,1.0,1.0,0.0204170475817,469,0.0,0.0,3,0.0,0.0,0.0,0,0.0,0,0.0
0.552952057962,0.413904607922,0.666666666667,pacenews.com,86.75,39.0,parked,0,0,0.75,1.0,1.0,0.447047942038,23200,0.0,0.155462184874,1,347.0,0.0,402.0,0,0.020706455542,0,0.0
0.21690942375,0.210526844256,0.428571428571,otvnews.com,0.0,65.6666666667,parked,0,2,0.0,0.666666666667,1.0,0.0187937758676,1889,1,0.0,2,0.0,0.0,82.0,0,0.033360455655,0,0.0
0.0,0.0,0.0,newsbear.com,0.0,0.0,parked,0,0,0.0,0.0,1.0,1.0,6938,0.0,0.0,1,0.0,1.0,0.0,0,0.0,0,0.0
0.0,0.0,0.0,tubenews.com,0.0,0.0,parked,0,0,0.0,0.0,1.0,1.0,3894,0.0,0.0,1,0.0,1.0,0.0,0,0.0,0,0.0
1.0,1.0,1.0,icunews.com,0.0,84.0,parked,1,4,0.0,1.0,6.0,0.0313628906906,7284,1,0.0,2,94.0,0.0,9.0,5,0.00591715976331,0,0.0
0.0,0.0,0.0,downnews.com,0.0,0.0,parked,0,0,0.0,0.0,1.0,1.0,3894,0.0,0.0,1,0.0,1.0,0.0,0,0.0,0,0.0
0.838465538159,0.745540589734,0.666666666667,travnews.com,86.75,39.0,parked,0,0,0.75,1.0,1.0,0.161534461841,5592,0.0,0.155136268344,1,347.0,0.0,403.0,0,0.0207337216378,0,0.0
1.0,1.0,1.0,sjpnews.com,0.0,0.0,parked,1,4,0.0,0.0,6.0,0.0260974884348,7283,1,0.0,2,94.0,0.0,0.0,5,0.0,0,0.0
0.999812245358,0.999812245358,0.964285714286,newsbody.com,0.0,63.0,parked,1,1,0.0,1.0,2.0,0.000187754642234,110,1,0.0,2,8.0,0.0,0.0,0,0.0,0,0.0
0.999812567518,0.999812567518,0.964285714286,bbqnews.com,4.0,61.9090909091,parked,1,1,0.0,0.409090909091,2.0,0.000187432481708,110,1,0.0873493975904,2,8.0,0.0,303.0,0,0.00323766614981,0,0.0
0.838417099942,0.745472745473,0.666666666667,pimpnews.com,86.75,39.0,parked,0,0,0.75,1.0,1.0,0.161582900058,5594,0.0,0.150793650794,1,347.0,0.0,428.0,0,0.0218674071503,0,0.0
0.819550936007,0.768960427356,0.916666666667,bahnnews.com,103.5,178.4,parked,0,2,0.5,1.0,2.0,0.180449063993,9861,1,0.686567164179,1,4063.0,0.0,63.0,0,0.0116044108308,0,0.0
0.854767121748,0.825426304238,0.916666666667,feelnews.com,44.5,169.6,parked,0,2,0.5,1.0,2.0,0.145232878252,10340,1,0.329787234043,1,4035.0,0.0,63.0,0,0.00555161823766,0,0.0
0.764880546075,0.700204534575,0.666666666667,wetnews.com,86.25,39.0,parked,0,0,0.75,1.0,1.0,0.235119453925,13778,0.0,0.146771037182,1,345.0,0.0,436.0,0,0.0221605446897,0,0.0
0.685875668781,0.507210976275,0.666666666667,amornews.com,11.0,39.0,parked,0,0,0.5,1.0,1.0,0.314124331219,18964,0.0,0.271317829457,1,22.0,0.0,94.0,0,0.00599247456682,0,0.0
0.0,0.0,0.0,newswon.com,0.0,0.0,parked,0,0,0.0,0.0,1.0,1.0,2526,0.0,0.0,1,0.0,1.0,0.0,0,0.0,0,0.0
0.113170186249,0.104563543457,0.5,newscart.com,0.0,66.3333333333,parked,0,2,0.0,0.666666666667,1.0,0.0173203033091,1487,1,0.0,2,0.0,0.0,83.0,0,0.0333869670153,0,0.0
1.0,1.0,1.0,dewnews.com,0.0,72.0,parked,1,4,0.0,0.0,6.0,0.0421583891374,7284,1,0.0,2,94.0,0.0,0.0,5,0.0,0,0.0
0.458762886598,0.364793975802,0.666666666667,newsbjp.com,86.25,39.0,parked,0,0,0.75,1.0,1.0,0.541237113402,15015,0.0,0.150300601202,2,345.0,0.0,424.0,0,0.0216645682282,0,0.0
0.346264511193,0.114309534808,0.6,ecomnews.com,0.0,38.2,parked,0,1,0.0,0.4,1.0,0.0283820643316,3413,1,0.0,1,0.0,0.0,0.0,0,0.0,0,1.0
0.844506871156,0.797087090062,0.666666666667,pavnews.com,86.25,39.0,parked,0,0,0.75,1.0,1.0,0.155493128844,8192,0.0,0.149700598802,1,345.0,0.0,426.0,0,0.0217674661105,0,0.0
0.695967007145,0.563721442334,0.666666666667,salenews.com,86.75,39.0,parked,0,0,0.75,1.0,1.0,0.304032992855,12680,0.0,0.147001934236,1,347.0,0.0,441.0,0,0.0223848285417,0,0.0
0.660864756305,0.584401918996,0.666666666667,olednews.com,86.75,39.0,parked,0,0,0.75,1.0,1.0,0.339135243695,23303,0.0,0.147572815534,1,347.0,0.0,439.0,0,0.022303061799,0,0.0
1.0,1.0,1.0,whennews.com,45.3,104.833333333,parked,1,1,0.1,1.0,2.0,0.208198199812,34858,1,0.0288161993769,2,453.0,0.0,1247.0,1,0.0193551304662,0,1.0
0.0,0.0,0.0,newsall.com,0.0,0.0,parked,0,0,0.0,0.0,1.0,1.0,6933,0.0,0.0,1,0.0,1.0,0.0,0,0.0,0,0.0
0.999690337982,0.999690337982,0.965517241379,ssdnews.com,0.0,63.0,parked,1,1,0.0,1.0,2.0,0.000309662017983,110,1,0.0,2,8.0,0.0,0.0,0,0.0,0,1.0
1.0,1.0,1.0,newseden.com,44.078125,61.1724137931,parked,1,4,0.859375,1.0,3.0,0.0634975644167,36095,1,0.140619621343,2,2821.0,0.0,4993.0,4,0.131192701983,0,1.0
0.0690987428317,0.0742302092614,0.25,gewnews.com,43.1176470588,25.3366336634,parked,0,0,0.0,0.00990099009901,1.0,0.440312319845,43535,1,0.790697674419,1,8796.0,0.0,9.0,0,0.00138143733736,0,0.0
0.269727416859,0.183124953208,0.5,wandnews.com,0.0,66.3333333333,parked,0,2,0.0,0.666666666667,1.0,0.0142022119921,1487,1,0.0,2,0.0,0.0,83.0,0,0.0333869670153,0,0.0
0.887343225579,0.882480305892,0.8,newsbong.com,0.0,60.6666666667,parked,0,1,0.0,1.0,1.0,0.112656774421,2551,0.0,0.0,1,0.0,0.0,0.0,0,0.0,0,0.0
0.900129193908,0.89712880071,0.8,hearnews.com,0.0,60.6666666667,parked,0,1,0.0,1.0,1.0,0.0998708060917,2551,0.0,0.0,1,0.0,0.0,0.0,0,0.0,0,0.0
0.886480954076,0.882933321096,0.8,newsindy.com,0.0,60.6666666667,parked,0,1,0.0,1.0,1.0,0.113519045924,2551,0.0,0.0,1,0.0,0.0,0.0,0,0.0,0,0.0
0.0759887584884,0.0760759310245,0.3,uetnews.com,0.0,65.6666666667,parked,0,2,0.0,0.666666666667,1.0,0.0056328174943,467,1,0.0,3,0.0,0.0,82.0,0,0.0331447049313,0,0.0
1.0,1.0,1.0,oncnews.com,0.0,84.0,parked,1,4,0.0,1.0,6.0,0.0220239409067,7284,1,0.0,2,94.0,0.0,9.0,5,0.00591715976331,0,0.0
0.0385990082811,0.0284229828851,0.416666666667,do4news.com,0.0,65.6666666667,parked,0,2,0.0,0.666666666667,1.0,0.00587731883511,467,1,0.0,3,0.0,0.0,82.0,0,0.0331447049313,0,0.0
0.997904362736,1.0,0.5,newsanal.com,0.0,0.0,parked,1,0,0.0,0.0,1.0,0.00209563726424,11,0.0,0.0,3,0.0,1.0,0.0,0,0.0,0,1.0
0.999393052883,0.999393052883,0.965517241379,newsbbt.com,0.0,63.0,parked,1,1,0.0,1.0,2.0,0.000606947116698,200,1,0.0,2,8.0,0.0,0.0,0,0.0,0,1.0
0.917495702167,0.873054073978,0.764705882353,oinnews.com,0.0,0.0,parked,0,0,0.0,0.0,4.0,0.0262097342389,1860,0.0,0.0,1,15540.0,0.0,0.0,2,0.0,0,1.0
0.927155980953,0.925730879024,0.571428571429,ntanews.com,0.0,60.6666666667,parked,0,1,0.0,1.0,1.0,0.0112308210283,467,0.0,0.0,3,0.0,0.0,0.0,0,0.0,0,0.0
0.838247610246,0.745235387764,0.666666666667,domainnews.com,87.75,39.0,parked,0,0,0.75,1.0,1.0,0.161752389754,5601,0.0,0.157024793388,1,351.0,0.0,408.0,0,0.0209859948836,0,0.0
0.999791977912,1.0,0.916666666667,newsbfc.com,0.0,38.1666666667,parked,1,1,0.0,0.666666666667,1.0,0.000208022088164,11,0.0,0.0,5,0.0,0.0,123.0,0,0.00144811509572,0,0.0
1.0,1.0,1.0,newsred.com,47.0,84.0,parked,1,4,1.0,1.0,6.0,0.0313464244678,7284,1,0.146341463415,2,94.0,0.0,70.0,5,0.00203191594806,0,0.0
0.779891450373,0.666666666667,0.666666666667,invnews.com,86.25,39.0,parked,0,0,0.75,1.0,1.0,0.220108549627,8192,0.0,0.154334038055,1,345.0,0.0,400.0,0,0.0206001480772,0,0.0
0.732237068731,0.685424609683,0.666666666667,salesnews.com,87.25,39.0,parked,0,0,0.75,1.0,1.0,0.267762931269,14769,0.0,0.155925155925,1,349.0,0.0,406.0,0,0.0208885221696,0,0.0
0.0,0.0,0.0,dienews.com,0.0,0.0,parked,0,0,0.0,0.0,1.0,1.0,3894,0.0,0.0,1,0.0,1.0,0.0,0,0.0,0,0.0
0.0949203168422,0.0950712892659,0.375,newsbcm.com,0.0,64.3333333333,parked,0,2,0.0,0.666666666667,1.0,0.0253889634573,1343,1,0.0,1,0.0,0.0,82.0,0,0.0351328191945,0,0.0
0.999544617309,0.999544617309,0.962962962963,newspool.com,0.0,63.0,parked,1,1,0.0,1.0,2.0,0.00045538269138,201,1,0.0,2,8.0,0.0,0.0,0,0.0,0,0.0
0.681518073434,0.549909377727,0.666666666667,blogsnews.com,87.25,39.0,parked,0,0,0.75,1.0,1.0,0.318481926566,13410,0.0,0.15625,1,349.0,0.0,405.0,0,0.0208532452863,0,0.0
0.0,0.0,0.0,newsrss.com,0.0,0.0,parked,0,0,0.0,0.0,3.0,0.0186452250211,2567,1,0.0,1,371.0,0.0,0.0,1,0.0,0,1.0
0.591039622276,0.580939829942,0.666666666667,newsroo.com,86.25,39.0,parked,0,0,0.75,1.0,1.0,0.408960377724,23213,0.0,0.149105367793,1,345.0,0.0,428.0,0,0.0218686144081,0,0.0
1.0,1.0,1.0,slimnews.com,47.0,84.0,parked,1,4,1.0,1.0,6.0,0.0274833677449,5391,1,0.146341463415,2,94.0,0.0,70.0,5,0.00202159656822,0,0.0
1.0,1.0,1.0,newsshack.com,46.5,56.0,parked,1,4,0.75,0.333333333333,3.0,0.123495951789,42358,1,0.129411764706,2,2846.0,0.0,370.0,4,0.00409275630284,0,1.0
1.0,1.0,1.0,rpcnews.com,0.0,84.0,parked,1,4,0.0,1.0,6.0,0.0298763355961,7284,1,0.0,2,94.0,0.0,9.0,5,0.00591715976331,0,0.0
0.0,0.0,0.0,martnews.com,27.0,38.0,parked,0,0,0.0,0.0,1.0,0.0650127424975,1250,1,0.142857142857,1,27.0,0.0,120.0,0,0.111287758347,0,0.0
0.821782006621,0.775151422386,0.916666666667,etnnews.com,572.0,85.1428571429,parked,0,2,0.142857142857,0.857142857143,2.0,0.178217993379,10283,1,0.347826086957,1,4004.0,0.0,30.0,0,0.00228208562782,0,0.0
0.0,0.0,0.0,newsrel.com,0.0,0.0,parked,0,0,0.0,0.0,1.0,1.0,3894,0.0,0.0,1,0.0,1.0,0.0,0,0.0,0,0.0
0.104891130608,0.10500924565,0.333333333333,fcknews.com,0.0,65.6666666667,parked,0,2,0.0,0.666666666667,1.0,0.000130240708509,11,1,0.0,2,0.0,0.0,82.0,0,0.0338004946414,0,0.0
0.325809851453,0.325809851453,0.5,newstwo.com,86.25,39.0,parked,0,0,0.75,1.0,1.0,0.674190148547,33903,0.0,0.149402390438,1,345.0,0.0,427.0,0,0.0149156168291,0,0.0
0.778345285989,0.717508582639,0.666666666667,dentnews.com,86.75,39.0,parked,0,0,0.75,1.0,1.0,0.221654714011,12672,0.0,0.153846153846,1,347.0,0.0,407.0,0,0.0208731123069,0,0.0
0.96101430694,0.952874706059,0.909090909091,hongnews.com,56.6666666667,55.6666666667,parked,0,1,0.833333333333,1.0,1.0,0.0278383438522,10661,0.0,0.0613718411552,1,340.0,0.0,1040.0,0,0.102346203584,0,0.0
1.0,1.0,1.0,schulnews.com,0.0,72.0,parked,1,4,0.0,0.0,6.0,0.032083984418,7289,1,0.0,2,94.0,0.0,0.0,5,0.0,0,0.0
0.940085710381,0.907980059223,0.909090909091,huinews.com,56.5,55.6666666667,parked,0,1,0.833333333333,1.0,1.0,0.0390772955349,8006,0.0,0.0616500453309,1,339.0,0.0,1035.0,0,0.101950272668,0,0.0
0.999782405292,0.999782405292,0.966666666667,newsnode.com,0.0,63.0,parked,1,1,0.0,1.0,2.0,0.000217594708097,110,1,0.0,2,8.0,0.0,0.0,0,0.0,0,1.0
0.570277810523,0.428272689251,0.666666666667,newsisa.com,21.5,39.0,parked,0,0,0.5,1.0,1.0,0.429722189477,21872,0.0,0.0906666666667,1,43.0,0.0,341.0,0,0.0172057811425,0,0.0
0.487039026679,0.487039026679,0.5,sleepnews.com,87.25,39.0,parked,0,0,0.75,1.0,1.0,0.512960973321,33898,0.0,0.155925155925,1,349.0,0.0,406.0,0,0.014293780274,0,0.0
0.920840450249,0.886485170732,0.909090909091,ecwnews.com,56.5,55.6666666667,parked,0,1,0.833333333333,1.0,1.0,0.0565144972894,10654,0.0,0.0616500453309,1,339.0,0.0,1035.0,0,0.101950272668,0,0.0
0.555266480468,0.413403310456,0.666666666667,newscrop.com,86.75,39.0,parked,0,0,0.75,1.0,1.0,0.444733519532,23248,0.0,0.150495049505,1,347.0,0.0,429.0,0,0.0219222087168,0,0.0
0.0774576871712,0.0774576871712,0.333333333333,hipnews.com,0.0,283.0,parked,0,0,0.0,1.0,1.0,0.921206835464,33800,0.0,0.0,1,0.0,1.0,0.0,0,0.0,0,1.0
0.0274628853963,0.0274924665,0.444444444444,newsmia.com,0.0,64.3333333333,parked,0,2,0.0,0.666666666667,1.0,0.0172027309175,1343,1,0.0,1,0.0,0.0,82.0,0,0.0351328191945,0,0.0
1.0,1.0,1.0,cinnews.com,0.0,0.0,parked,1,4,0.0,0.0,6.0,0.0360806613797,7284,1,0.0,2,94.0,0.0,0.0,5,0.0,0,0.0
0.997904362736,1.0,0.5,newssofa.com,0.0,0.0,parked,1,0,0.0,0.0,1.0,0.00209563726424,11,0.0,0.0,3,0.0,1.0,0.0,0,0.0,0,1.0
0.992498263487,0.982560017225,0.8,ibonews.com,41.8888888889,36.0,parked,1,0,1.0,0.5,1.0,0.00750173651308,162,0.0,0.233333333333,2,377.0,0.0,299.0,0,0.0954011741683,0,0.0
0.0,0.0,0.0,gpsnews.com,0.0,0.0,parked,0,0,0.0,0.0,1.0,1.0,6925,0.0,0.0,1,0.0,1.0,0.0,0,0.0,0,0.0
1.0,1.0,1.0,bsinews.com,0.0,0.0,parked,1,4,0.0,0.0,6.0,0.0230418099399,7284,1,0.0,2,94.0,0.0,0.0,5,0.0,0,0.0
0.999728894431,0.999723860926,0.967741935484,newshero.com,0.0,63.0,parked,1,1,0.0,1.0,2.0,0.000271105568508,110,1,0.0,2,8.0,0.0,0.0,0,0.0,0,1.0
1.0,1.0,1.0,cavnews.com,0.0,84.0,parked,1,4,0.0,1.0,6.0,0.0227237276397,7284,1,0.0,2,94.0,0.0,9.0,5,0.00591715976331,0,0.0
0.0,0.0,0.0,cpcnews.com,0.0,0.0,parked,0,0,0.0,0.0,1.0,1.0,1413,0.0,0.0,1,0.0,0.0,34.0,0,0.0259344012204,0,0.0
0.759167696745,0.668316519546,0.909090909091,dninews.com,581.428571429,85.1428571429,parked,0,2,0.142857142857,0.857142857143,2.0,0.240832303255,10521,1,0.235294117647,1,4070.0,0.0,52.0,0,0.00331222601072,0,0.0
0.999902688961,0.999771168866,0.991525423729,btvnews.com,160.571734475,89.8888888889,parked,1,0,0.944325481799,1.0,2.0,9.7311039194e-05,144,1,0.511731843575,2,74987.0,0.0,1311.0,1,0.00326725010708,0,0.0
1.0,1.0,1.0,717news.com,0.0,0.0,parked,1,4,0.0,0.0,6.0,0.0330358114727,7284,1,0.0,2,94.0,0.0,0.0,5,0.0,0,0.0
1.0,1.0,1.0,singnews.com,46.5,56.0,parked,1,4,0.75,0.333333333333,3.0,0.147017502084,43218,1,0.129411764706,2,2732.0,0.0,370.0,3,0.00410628019324,0,1.0
0.888536112942,0.852199009717,0.666666666667,evanews.com,86.25,39.0,parked,0,0,0.75,1.0,1.0,0.111463887058,5582,0.0,0.149700598802,1,345.0,0.0,426.0,0,0.0217693577822,0,0.0
0.0,0.0,0.0,paranews.com,0.0,0.0,parked,0,0,0.0,0.0,1.0,1.0,6938,0.0,0.0,1,0.0,1.0,0.0,0,0.0,0,0.0
1.0,1.0,1.0,doornews.com,46.5,56.0,parked,1,4,0.75,0.333333333333,3.0,0.108873370835,43296,1,0.129411764706,2,2748.0,0.0,370.0,3,0.00407759910964,0,1.0
0.288708163904,0.276661350346,0.538461538462,gblnews.com,0.0,65.6666666667,parked,0,2,0.0,0.666666666667,1.0,0.000229381712022,11,1,0.0,2,0.0,0.0,82.0,0,0.0338004946414,0,0.0
0.627926443624,0.534702490737,0.75,ekonews.com,114.0,39.0,parked,0,0,0.857142857143,1.0,1.0,0.372073556376,28003,0.0,0.21207177814,1,798.0,0.0,483.0,0,0.0159977034292,0,0.0
0.903599266392,0.829870242465,0.764705882353,pftnews.com,1308.5,54.3333333333,parked,0,0,0.0,0.666666666667,4.0,0.0304250998886,1858,0.0,0.558823529412,1,15702.0,0.0,135.0,2,0.00854844116661,0,1.0
0.65751666934,0.522932558808,0.666666666667,newsforum.com,87.25,39.0,parked,0,0,0.75,1.0,1.0,0.34248333066,14947,0.0,0.150980392157,1,349.0,0.0,433.0,0,0.022102799688,0,0.0
0.409601595153,0.391375198728,0.545454545455,trxnews.com,0.0,64.3333333333,parked,0,2,0.0,0.666666666667,1.0,0.0514973733655,1343,1,0.0,1,0.0,0.0,82.0,0,0.0351328191945,0,0.0
0.0,0.0,0.0,somenews.com,0.0,0.0,parked,0,0,0.0,0.0,1.0,1.0,6938,0.0,0.0,1,0.0,1.0,0.0,0,0.0,0,0.0
1.0,1.0,1.0,newscaps.com,0.0,0.0,parked,1,4,0.0,0.0,6.0,0.0453744465961,7287,1,0.0,2,94.0,0.0,0.0,5,0.0,0,0.0
1.0,1.0,1.0,newsfunk.com,9.5,69.8,parked,1,4,0.0,1.0,6.0,0.00729195110051,1629,1,0.14440433213,2,94.0,0.0,237.0,5,0.0280335998381,0,0.0
0.500994272128,0.208756747494,0.625,lotnews.com,0.0,38.0,parked,0,1,0.0,0.4,1.0,0.035523613963,3287,1,0.0,1,0.0,0.0,0.0,0,0.0,0,1.0
0.88789277082,0.883121048291,0.8,wpgnews.com,0.0,60.6666666667,parked,0,1,0.0,1.0,1.0,0.11210722918,2551,0.0,0.0,1,0.0,0.0,0.0,0,0.0,0,0.0
0.0259488966914,0.0259768581471,0.375,newsrama.com,0.0,64.6666666667,parked,0,2,0.0,0.666666666667,1.0,0.017260821651,1347,1,0.0,1,0.0,0.0,83.0,0,0.035454933789,0,0.0
0.999708924635,0.999708924635,0.966666666667,newsdaddy.com,0.0,63.0,parked,1,1,0.0,1.0,2.0,0.000291075364704,110,1,0.0,2,8.0,0.0,0.0,0,0.0,0,1.0
0.99920965656,1.0,0.833333333333,awknews.com,76.0,46.0,parked,1,0,1.0,1.0,1.0,0.000790343440149,11,0.0,0.9,3,304.0,1.0,2.0,0,0.00252111433253,0,0.0
0.410537576892,0.213882034546,0.5,cbknews.com,0.0,67.0,parked,0,2,0.0,0.666666666667,1.0,0.0399096609313,1343,1,0.0,1,0.0,0.0,82.0,0,0.0350128095645,0,0.0
0.966974131354,0.946414907503,0.954545454545,thugnews.com,0.0,0.0,parked,0,3,0.0,0.0,3.0,0.0330258686455,2381,1,0.0,2,3656.0,0.0,0.0,1,0.0,0,1.0
0.999768658239,0.999768633423,0.965517241379,vuenews.com,4.0,61.9090909091,parked,1,1,0.0,0.409090909091,2.0,0.000231341761184,110,1,0.0873493975904,2,8.0,0.0,303.0,0,0.00323678232639,0,0.0
1.0,1.0,1.0,manornews.com,0.0,84.0,parked,1,4,0.0,1.0,6.0,0.034178295446,7289,1,0.0,2,94.0,0.0,9.0,5,0.00591715976331,0,0.0
0.97234805865,0.954886206366,0.8125,isnnews.com,1110.9,53.5,parked,0,0,0.2,0.666666666667,3.0,0.0235754301839,4002,0.0,0.434782608696,1,11109.0,0.0,169.0,1,0.00999665663658,0,1.0
1.0,1.0,1.0,btknews.com,0.0,0.0,parked,1,4,0.0,0.0,6.0,0.0215333215067,7283,1,0.0,2,94.0,0.0,0.0,5,0.0,0,0.0
0.548077551821,0.565661410556,0.636363636364,newssbt.com,0.0,17.0,parked,0,0,0.0,0.0,7.0,0.00227228143595,139,0.0,0.0,2,453.0,0.0,40.0,5,0.0706713780919,0,0.0
0.999727720076,0.999722642461,0.967741935484,newsstem.com,0.0,63.0,parked,1,1,0.0,1.0,2.0,0.000272279923564,110,1,0.0,2,8.0,0.0,0.0,0,0.0,0,1.0
1.0,1.0,1.0,fplnews.com,0.0,0.0,parked,1,4,0.0,0.0,6.0,0.0313726165813,7284,1,0.0,2,94.0,0.0,0.0,5,0.0,0,0.0
1.0,1.0,1.0,hranews.com,0.0,0.0,parked,1,4,0.0,0.0,6.0,0.0387570501224,7284,1,0.0,2,94.0,0.0,0.0,5,0.0,0,0.0
0.72037796989,0.576492503896,0.666666666667,awinews.com,86.25,39.0,parked,0,0,0.75,1.0,1.0,0.27962203011,23644,0.0,0.149402390438,1,345.0,0.0,427.0,0,0.0214236940935,0,0.0
0.99891569699,0.998915132354,0.888888888889,joenews.com,62.0,239.2,parked,1,1,1.0,0.2,1.0,0.00108430301003,175,1,0.0171821305842,2,62.0,0.0,572.0,0,0.0537992235164,0,0.0
0.599005303671,0.45746195728,0.666666666667,pr2news.com,86.25,39.0,parked,0,0,0.75,1.0,1.0,0.400994696329,19431,0.0,0.154008438819,1,345.0,0.0,401.0,0,0.0206428011497,0,0.0
0.886501156789,0.882620899094,0.8,grownews.com,0.0,60.6666666667,parked,0,1,0.0,1.0,1.0,0.113498843211,2551,0.0,0.0,1,0.0,0.0,0.0,0,0.0,0,0.0
0.0,0.0,0.0,dbbnews.com,0.0,0.0,parked,0,0,0.0,0.0,1.0,1.0,1326,0.0,0.0,1,0.0,0.0,20.0,0,0.0217627856366,0,0.0
1.0,1.0,1.0,barenews.com,46.5,56.0,parked,1,4,0.75,0.333333333333,3.0,0.127419521179,43243,1,0.129411764706,2,2734.0,0.0,370.0,3,0.00410037723471,0,1.0
0.600156188989,0.5,0.666666666667,dongnews.com,86.75,39.0,parked,0,0,0.75,1.0,1.0,0.399843811011,16384,0.0,0.155462184874,1,347.0,0.0,402.0,0,0.0207118614568,0,0.0
1.0,1.0,1.0,rennews.com,47.0,84.0,parked,1,4,1.0,1.0,6.0,0.0269262190546,7284,1,0.146341463415,2,94.0,0.0,70.0,5,0.00201583165347,0,0.0
0.999705665931,0.999699723473,0.967741935484,laptopnews.com,4.0,62.3043478261,parked,1,1,0.0,0.434782608696,2.0,0.000294334069169,110,1,0.085798816568,2,8.0,0.0,309.0,0,0.00326434428209,0,1.0
0.653147797496,0.576637104721,0.666666666667,huntnews.com,86.75,39.0,parked,0,0,0.75,1.0,1.0,0.346852202504,23630,0.0,0.155136268344,1,347.0,0.0,403.0,0,0.0203689469639,0,0.0
0.0,0.0,0.0,newskong.com,0.0,0.0,parked,0,0,0.0,0.0,1.0,1.0,6938,0.0,0.0,1,0.0,1.0,0.0,0,0.0,0,0.0
0.386584040884,0.0,0.666666666667,clicnews.com,230.506329114,0.0,parked,0,0,0.0759493670886,0.0,1.0,0.613415959116,15244,1,0.631578947368,1,18210.0,0.0,518.0,0,0.0248994988223,0,0.0
0.628022637626,0.514004033162,0.714285714286,esbnews.com,0.0,0.0,parked,1,0,0.0,0.0,1.0,0.318641742411,1858,0.0,0.0,9,0.0,1.0,0.0,0,0.0,0,0.0
0.599401135777,0.457871056088,0.666666666667,gripnews.com,86.75,39.0,parked,0,0,0.75,1.0,1.0,0.400598864223,19399,0.0,0.155462184874,1,347.0,0.0,402.0,0,0.0206902547162,0,0.0
0.997390474486,0.997384820001,0.909090909091,tapnews.com,62.0,239.2,parked,1,1,1.0,0.2,1.0,0.0026095255137,175,1,0.0180505415162,2,62.0,0.0,544.0,2,0.0506861848124,0,0.0
0.820443166081,0.772195286955,0.769230769231,tfvnews.com,19.0,222.75,parked,0,2,0.0,1.0,2.0,0.00829160896275,467,1,0.186666666667,3,4220.0,0.0,61.0,0,0.00469160515451,0,0.0
0.942152670686,0.813069822753,0.833333333333,nncnews.com,0.0,0.0,parked,0,0,0.0,0.0,3.0,0.0517839618674,5910,0.0,0.0,2,5017.0,0.0,0.0,1,0.0,0,1.0
0.367951230133,0.0364285121567,0.666666666667,veganews.com,86.75,39.0,parked,0,0,0.75,1.0,1.0,0.632048769867,23224,0.0,0.155462184874,1,347.0,0.0,402.0,0,0.020684860073,0,0.0
0.0,0.0,0.0,pignews.com,0.0,0.0,parked,0,0,0.0,0.0,1.0,1.0,3894,0.0,0.0,1,0.0,1.0,0.0,0,0.0,0,0.0
0.0,0.0,0.0,ownnews.com,0.0,0.0,parked,0,0,0.0,0.0,1.0,1.0,6933,0.0,0.0,1,0.0,1.0,0.0,0,0.0,0,0.0
0.262148246147,0.262148246147,0.461538461538,deconews.com,0.0,44.0,parked,0,1,0.0,0.4,1.0,0.0555833661101,3109,1,0.0,1,0.0,0.0,0.0,0,0.0,0,1.0
1.0,1.0,1.0,dnmnews.com,0.0,84.0,parked,1,4,0.0,1.0,6.0,0.0216318954637,7284,1,0.0,2,94.0,0.0,9.0,5,0.00591715976331,0,0.0
1.0,1.0,1.0,eyanews.com,47.0,84.0,parked,1,4,1.0,1.0,6.0,0.0291730756906,7283,1,0.146341463415,2,94.0,0.0,70.0,5,0.00201355466064,0,0.0
0.855747817851,0.780086630766,0.928571428571,mmvnews.com,591.142857143,85.1428571429,parked,0,2,0.142857142857,0.857142857143,2.0,0.144252182149,11271,1,0.20253164557,2,4138.0,0.0,63.0,0,0.00383123181377,0,0.0
0.999833751725,0.999833751725,0.966666666667,gadgetsnews.com,0.0,63.0,parked,1,1,0.0,1.0,2.0,0.000166248275174,110,1,0.0,2,8.0,0.0,0.0,0,0.0,0,1.0
0.230798936871,0.230798936871,0.333333333333,news123.com,0.0,283.0,parked,0,0,0.0,1.0,1.0,0.76808795802,33812,0.0,0.0,1,0.0,1.0,0.0,0,0.0,0,1.0
